Number,First,Evolved,True,PageName
000,Cat,Macho Cat,Mohawk Cat,Cat (Normal Cat)
001,Tank Cat,Wall Cat,Eraser Cat,Tank Cat (Normal Cat)
002,Axe Cat,Brave Cat,Dark Cat,Axe Cat (Normal Cat)
003,Gross Cat,Sexy Legs Cat,Macho Leg Cat,Gross Cat (Normal Cat)
004,Cow Cat,Giraffe Cat,Lion Cat,Cow Cat (Normal Cat)
005,Bird Cat,UFO Cat,The Flying Cat,Bird Cat (Normal Cat)
006,Fish Cat,Whale Cat,Island Cat,Fish Cat (Normal Cat)
007,Lizard Cat,Dragon Cat,King Dragon Cat,Lizard Cat (Normal Cat)
008,Titan Cat,Mythical Titan Cat,Jamiera Cat,Titan Cat (Normal Cat)
009,Actress Cat,Mother Cat,Beefcake Cat,Actress Cat (Special Cat)
010,Kung Fu Cat,Drunken Master Cat,Dancer Cat,Kung Fu Cat (Special Cat)
011,Mr.,Super Mr.,Hyper Mr.,Mr. (Special Cat)
012,Bondage Cat,Bondage CatNEO,Ultimate Bondage Cat,Bondage Cat (Special Cat)
013,Dom Cat,Executioner,Dark Lazer,Dom Cat (Special Cat)
014,Cats in a Box,Cat Gang,Heavy Assault C.A.T.,Cats in a Box (Special Cat)
015,Panties Cat,Leaf Cat,Lollycat,Panties Cat (Special Cat)
016,Moneko,Miss MONEKO,Superstar MONEKO,Moneko (Special Cat)
017,Tricycle Cat,Biker Cat,Unicycle Cat,Tricycle Cat (Special Cat)
018,Ninja Cat,Ninja Frog Cat,Flying Ninja Cat,Ninja Cat (Special Cat)
019,Zombie Cat,Devil Cat,Skelecat,Zombie Cat (Special Cat)
020,Samurai Cat,Knight Cat,Pastry Cat,Samurai Cat (Special Cat)
021,Sumo Cat,Madame Sumo,Riceball Cat,Sumo Cat (Special Cat)
022,Boogie Cat,Samba Cat,Gato Amigo,Boogie Cat (Special Cat)
023,Skirt Cat,Tights Cat,Loincloth Cat,Skirt Cat (Special Cat)
024,Valkyrie Cat,True Valkyrie Cat,Holy Valkyrie Cat,Valkyrie Cat (Special Cat)
025,Bahamut Cat,Crazed Bahamut Cat,Awakened Bahamut Cat,Bahamut Cat (Special Cat)
026,Kerihime,Full color Kerihime,Wedding Kerihime,Kerihime (Special Cat)
027,Cat Princess,Cat Princess beauty,,Cat Princess (Special Cat)
028,Capsule Cat,Cramped Cats,,Capsule Cat (Special Cat)
029,Masked Cat,Luchador Cat,,Masked Cat (Special Cat)
030,Bodhisattva Cat,Avalokitesvara Cat,Tathagata Cat,Bodhisattva Cat (Super Rare Cat)
031,Delinquent Cat,Angry Delinquent Cat,Ultra Delinquent Cat,Delinquent Cat (Super Rare Cat)
032,Hip Hop Cat,Dancing Flasher Cat,Can Can Cat,Hip Hop Cat (Super Rare Cat)
033,Kotatsu Cat,Sadako Cat,Octopus Cat,Kotatsu Cat (Super Rare Cat)
034,Nekoluga,Unknown Cat,Ultralan Pasalan,Nekoluga (Uber Rare Cat)
035,Nerd Cat,Hacker Cat,Cyberpunk Cat,Nerd Cat (Super Rare Cat)
036,Swimmer Cat,Butterfly Cat,Fishman Cat,Swimmer Cat (Super Rare Cat)
037,Pogo Cat,Masai Cat,Jiangshi Cat,Pogo Cat (Rare Cat)
038,Wheel Cat,Solar Cat,Chill Cat,Wheel Cat (Rare Cat)
039,Apple Cat,Face Cat,iCat,Apple Cat (Super Rare Cat)
040,Bath Cat,Sexy Bathtub Cat,Luxury Bath Cat,Bath Cat (Super Rare Cat)
041,Salon Cat,Paris Cat,Cyborg Cat,Salon Cat (Rare Cat)
042,Ice Cat,Ice Queen Cat,Ice Crystal Cat,Ice Cat (Uber Rare Cat)
043,Cat Machine,Cat Machine Mk 2,Cat Machine Mk 3,Cat Machine (Uber Rare Cat)
044,Lesser Demon Cat,Greater Demon Cat,Greater Balrog Cat,Lesser Demon Cat (Uber Rare Cat)
045,Maiko Cat,Geisha Cat,,Maiko Cat (Special Cat)
046,Jurassic Cat,Jurassic Cat Sitter,Catasaurus,Jurassic Cat (Rare Cat)
047,Viking Cat,Thor Cat,Maximum the Fighter,Viking Cat (Rare Cat)
048,Pirate Cat,Captain Cat,Dread Pirate Catley,Pirate Cat (Rare Cat)
049,Thief Cat,Phantom Thief Cat,Goemon Cat,Thief Cat (Rare Cat)
050,Bishop Cat,Monk Cat,Sanzo Cat,Bishop Cat (Rare Cat)
051,Fortune Teller Cat,Fisherman Cat,Doctor Cat,Fortune Teller Cat (Rare Cat)
052,Shaman Cat,Necromancer Cat,Necro-Dancer Cat,Shaman Cat (Rare Cat)
053,Evangelist Cat,Filibuster Cat,,Evangelist Cat (Uber Rare Cat)
054,Type 10,Cat Transportation Type 10,,Type 10 (Special Cat)
055,Witch Cat,Sorceress Cat,Enchantress Cat,Witch Cat (Rare Cat)
056,Archer Cat,Cupid Cat,Cataur,Archer Cat (Rare Cat)
057,Marauder Cat,Berserker Cat,Paladin Cat,Marauder Cat (Uber Rare Cat)
058,Swordsman Cat,Sword Master Cat,Elemental Duelist Cat,Swordsman Cat (Rare Cat)
059,Baby Cat,Baby Cats,Cats in the Cradle,Baby Cat (Uber Rare Cat)
060,Bronze Cat,Michelangelo Cat,Quizmaster Cat,Bronze Cat (Rare Cat)
061,Sushi Cat,Fried Shrimp Cat,Roe Cat,Sushi Cat (Super Rare Cat)
062,Toy Machine Cat,Vendor Cat,,Toy Machine Cat (Special Cat)
063,Sports Day Cat,Kidnapper Cats,Rampage Cats,Sports Day Cat (Rare Cat)
064,Swordsman,Swordsman Johnny,,Swordsman (Rare Cat)
065,Cow Princess,Giraffe Princess,,Cow Princess (Rare Cat)
066,KHM48,Dark KHM48,KHM46,KHM48 (Uber Rare Cat)
067,Chibigau,Chibigaugau,,Chibigau (Rare Cat)
068,Enforcer,Enforcer 999,Judgement,Enforcer (Super Rare Cat)
069,Sleeping Beauty,Sleeping Beauty II,Eternal Sleeping Beauty,Sleeping Beauty (Super Rare Cat)
070,Salaryman Cat,Grudge Cat,Ritual Cat,Salaryman Cat (Rare Cat)
071,Sanada Yukimura,Wargod Yukimura,Immortal Yukimura,Sanada Yukimura (Uber Rare Cat)
072,Maeda Keiji,Wargod Keiji,Immortal Keiji,Maeda Keiji (Uber Rare Cat)
073,Oda Nobunaga,Wargod Nobunaga,Immortal Nobunaga,Oda Nobunaga (Uber Rare Cat)
074,Reindeer Fish Cat,Sashimi Cat,Xmas Pudding Cat,Reindeer Fish Cat (Rare Cat)
075,Windy,"Windy, type α",Divine Windy,Windy (Uber Rare Cat)
076,Thundia,"Thundia, type β",Divine Thundia,Thundia (Uber Rare Cat)
077,Droid Cat,Droid Cat Mk 2,SpringDroid,Droid Cat (Rare Cat)
078,Space Cat,Major Space Cat,Space Marine Cat,Space Cat (Rare Cat)
079,Adult Cat,Sick Cat,Prisoner Cat,Adult Cat (Rare Cat)
080,Evil Cat,Gentleman Cat,Gentleman Bros.,Evil Cat (Rare Cat)
081,Doll Cats,Cat-o-tron,Nyalladin,Doll Cats (Rare Cat)
082,Blue Shinobi,Orange Shinobi,,Blue Shinobi (Special Cat)
083,Sodom,Earth King Sodom,God-Emperor Sodom,Sodom (Uber Rare Cat)
084,Megidora,Holy Dragon Megidora,God-Emperor Megidora,Megidora (Uber Rare Cat)
085,Vars,Dragon King Vars,God-Emperor Vars,Vars (Uber Rare Cat)
086,Kamukura,God Dragon Kamukura,God-Emperor Kamukura,Kamukura (Uber Rare Cat)
087,Raiden,Dragonslayer Raiden,God-Emperor Raiden,Raiden (Uber Rare Cat)
088,Rope Jump Cat,Pair Rope Jump Cat,Noodle Cats,Rope Jump Cat (Rare Cat)
089,Nimue,Neutralization Type Nimue,,Nimue (Uber Rare Cat)
090,Monkey King,SSS Monkey King,,Monkey King (Uber Rare Cat)
091,Crazed Cat,Crazed Macho Cat,Manic Mohawk Cat,Crazed Cat (Super Rare Cat)
092,Crazed Tank Cat,Crazed Wall Cat,Manic Eraser Cat,Crazed Tank Cat (Super Rare Cat)
093,Crazed Axe Cat,Crazed Brave Cat,Manic Dark Cat,Crazed Axe Cat (Super Rare Cat)
094,Crazed Gross Cat,Crazed Sexy Legs Cat,Manic Macho Legs,Crazed Gross Cat (Super Rare Cat)
095,Crazed Cow Cat,Crazed Giraffe Cat,Manic Lion Cat,Crazed Cow Cat (Super Rare Cat)
096,Crazed Bird Cat,Crazed UFO Cat,Manic Flying Cat,Crazed Bird Cat (Super Rare Cat)
097,Crazed Fish Cat,Crazed Whale Cat,Manic Island Cat,Crazed Fish Cat (Super Rare Cat)
098,Crazed Lizard Cat,Crazed Dragon Cat,Manic King Dragon,Crazed Lizard Cat (Super Rare Cat)
099,Crazed Titan Cat,Crazed M. Titan Cat,Manic Jamiera Cat,Crazed Titan Cat (Super Rare Cat)
100,Maiden Cat,Sportsgirl Cat,Wrestling Cat,Maiden Cat (Rare Cat)
101,Clone Elle,Clone ElleCC,,Clone Elle (Special Cat)
102,Red Marron,Red MarronCC,,Red Marron (Special Cat)
103,Cabaret Cat,Mega Cat,Mega Cat EX,Cabaret Cat (Special Cat)
104,Koi Cat,Gross Koi Cat,Kiss and Koi,Koi Cat (Rare Cat)
105,Kuu,"Kuu, type γ",Divine Kuu,Kuu (Uber Rare Cat)
106,Kai,"Kai, type μ",Divine Kai,Kai (Uber Rare Cat)
107,Coppermine,"Coppermine, type κ",Divine Coppermine,Coppermine (Uber Rare Cat)
108,Cat Bros,Secret Base,,Cat Bros (Special Cat)
109,Madam Bride,Madam King,Madam the Savannah,Madam Bride (Rare Cat)
110,Celesse,Celesse CC,,Celesse (Rare Cat)
111,Nono,Nono CC,,Nono (Rare Cat)
112,Olga,Olga CC,,Olga (Rare Cat)
113,Norn,Norn CC,,Norn (Rare Cat)
114,Yoichi,Yoichi CC,,Yoichi (Rare Cat)
115,Serum,Serum CC,,Serum (Rare Cat)
116,Fuu,Fuu CC,,Fuu (Rare Cat)
117,Aura,Aura CC,,Aura (Super Rare Cat)
118,Rei,Rei CC,,Rei (Super Rare Cat)
119,Wyvern,Wyvern Cat,,Wyvern (Uber Rare Cat)
120,Healer,Healer CC,Healer Cat CC,Healer (Special Cat)
121,Merc,Merc CC,Merc & Cat CC,Merc (Special Cat)
122,Vacation Queen,Office Lady Cat,Call Center Cat,Vacation Queen (Rare Cat)
123,Bean Cats,Brah Cats,,Bean Cats (Special Cat)
124,Date Masamune,Wargod Masamune,Immortal Masamune,Date Masamune (Uber Rare Cat)
125,Takeda Shingen,Wargod Shingen,Immortal Shingen,Takeda Shingen (Uber Rare Cat)
126,Clockwork Cat,Puppetmaster Cat,Puppetmaster & Charley,Clockwork Cat (Rare Cat)
127,Flower Cat,Cooldown Cat,Bombercat,Flower Cat (Special Cat)
128,Vengeful Cat,Groucho Cat,Kite Cat,Vengeful Cat (Rare Cat)
129,Gold Cat,Gold Macho Cat,Glittering Macho Cat,Gold Cat (Super Rare Cat)
130,Ururun Wolf,Ururun Cat,Awakened Ururun,Ururun Wolf (Special Cat)
131,Neneko,Miss NENEKO,,Neneko (Super Rare Cat)
132,Kung Fu Cat X,Drunken Master Cat X,Iron Claw X,Kung Fu Cat X (Rare Cat)
133,Hikakin,Bikyakin,Mukyakin,Hikakin (Special Cat)
134,Urashima Taro,Guardian Gamereon,King Gamereon,Urashima Taro (Uber Rare Cat)
135,The Grateful Crane,Super Galaxy Cosmo,Ultima Galaxy Cosmo,The Grateful Crane (Uber Rare Cat)
136,Momotaro,The Peach Angels,The Peach Devils,Momotaro (Uber Rare Cat)
137,Kasa Jizo,Jizo's Moving Castle,Jizo's Mega-Castle,Kasa Jizo (Uber Rare Cat)
138,Princess Kaguya,The Death Moon,The Chaos Moon,Princess Kaguya (Uber Rare Cat)
139,Nekondo,Nekondo HG,Nekondo SP,Nekondo (Special Cat)
140,Squish Ball Cat,Muscleman Cat,,Squish Ball Cat (Special Cat)
141,God,Secret God,,God (Special Cat)
142,Tutorial Cat,Behind Tutorial,,Tutorial Cat (Special Cat)
143,Nurse Cat,Heartful Nurse Cat,Joyful Nurse Cat,Nurse Cat (Uber Rare Cat)
144,Cat Base Mini,Cat Base Jr.,Cat Base Ultra,Cat Base Mini (Super Rare Cat)
145,Cat Gunslinger,Cat Eastwood,Rodeo Cat,Cat Gunslinger (Rare Cat)
146,Stilts Cat,Totem Cat,Acrobat Cats,Stilts Cat (Rare Cat)
147,Tin Cat,Plane Cat,Robocat,Tin Cat (Rare Cat)
148,Rocker Cat,Artist Cat,Ramen Cat,Rocker Cat (Rare Cat)
149,Mer-Cat,Commando Cat,Cameraman Cat,Mer-Cat (Rare Cat)
150,Juliet Cat,Princess Juliet Cat,Juliet the Maiko,Juliet Cat (Super Rare Cat)
151,Weightlifter Cat,Ring Girl Cat,Pizza Cat,Weightlifter Cat (Super Rare Cat)
152,Figure Skating Cats,Drama Cats,Slapstick Cats,Figure Skating Cats (Super Rare Cat)
153,Cat Toaster,Cat Projector,Catophone,Cat Toaster (Super Rare Cat)
154,Hoop Cat,Showoff Cat,Hoopmaster Cat,Hoop Cat (Rare Cat)
155,Chicken Cat,Rooster Cat,,Chicken Cat (Uber Rare Cat)
156,Drury Swordsman,Drury Witch,,Drury Swordsman (Rare Cat)
157,Nubobo,Gorubo,,Nubobo (Special Cat)
158,Uesugi Kenshin,Wargod Kenshin,Immortal Kenshin,Uesugi Kenshin (Uber Rare Cat)
159,Kalisa,"Kalisa, type χ",Divine Kalisa,Kalisa (Uber Rare Cat)
160,Yuurinchii,Reincarnated Spirit Yuurinchii,Gekirinchii,Yuurinchii (Super Rare Cat)
161,Crazed Kerihime,Crazed Kerihime CC,Manic Kerihime,Crazed Kerihime (Uber Rare Cat)
162,Ayanokōji Shō,Shōyan & Cat,,Ayanokōji Shō (Special Cat)
163,Saotome Hikaru,Hikaru & Cat,,Saotome Hikaru (Special Cat)
164,Saionji Hitomi,Tommy & Cat,,Saionji Hitomi (Special Cat)
165,Hoshi Guranmanie,Ranma & Cat,,Hoshi Guranmanie (Special Cat)
166,Shiratori Shōchikubai,Matsu & Cat,,Shiratori Shōchikubai (Special Cat)
167,Yankee Cat,Sukeban Cat,,Yankee Cat (Rare Cat)
168,Asiluga,Asilan Pasalan,Assassinlan Pasalan,Asiluga (Uber Rare Cat)
169,Kubiluga,Kubilan Pasalan,E. Kubilan Pasalan,Kubiluga (Uber Rare Cat)
170,Tecoluga,Tesalan Pasalan,Lufalan Pasalan,Tecoluga (Uber Rare Cat)
171,Balaluga,Balalan Pasalan,Piccolan Pasalan,Balaluga (Uber Rare Cat)
172,Li'l Nyandam,Dark Emperor Catdam,Schoolbus Nyandam,Li'l Nyandam (Special Cat)
173,Baby Mola,Young Man Mola,Citizen Mola,Baby Mola (Super Rare Cat)
174,Mola King,Living Legend,Master of the Pacific,Mola King (Uber Rare Cat)
175,Meowla Meowla,Catorpedo,,Meowla Meowla (Special Cat)
176,Marshmallow Cat,Creepmallow,,Marshmallow Cat (Rare Cat)
177,Dioramos,Archdragon Dioramos,God-Emperor Dioramos,Dioramos (Uber Rare Cat)
178,Mob Cat,Yakuza Vampire,,Mob Cat (Special Cat)
179,Takuya & Yuki,"Takuya, Yuki & Cat",Takuya & Lovely Yuki,Takuya & Yuki (Rare Cat)
180,Mystery Girl Yuki,Mystery Yuki & Cat,Mystery Catgirl Yuki,Mystery Girl Yuki (Uber Rare Cat)
181,Yuki Cat,Lovely Yuki Cat,,Yuki Cat (Special Cat)
182,Cuckoo Crew 12,Cuckoo Crew 12+1,,Cuckoo Crew 12 (Special Cat)
183,Cat Kart R,Cat Kart G,Cat Kart P,Cat Kart R (Rare Cat)
184,Mr. Ninja,Mint,,Mr. Ninja (Special Cat)
185,Hearscht,Hearscht CC,Revolutionary Hearscht CC,Hearscht (Uber Rare Cat)
186,Cornelia,Cornelia CC,,Cornelia (Uber Rare Cat)
187,Juvens,Juvens CC,Holiday Juvens CC,Juvens (Uber Rare Cat)
188,Mystica,Mystica CC,Lonely Mystica CC,Mystica (Uber Rare Cat)
189,Alois,Alois CC,,Alois (Super Rare Cat)
190,Citrouille,Citrouille CC,,Citrouille (Super Rare Cat)
191,Titi,Titi CC,Titi Cat CC,Titi (Special Cat)
192,Yamaoka Minori,MISS Yamaoka Minori,,Yamaoka Minori (Special Cat)
193,Nakamura Kanae,MISS Nakamura Kanae,,Nakamura Kanae (Special Cat)
194,Akira,Shadow Akira,Inferno Akira,Akira (Uber Rare Cat)
195,Mekako Saionji,Dr. Mekako,Mission Control Mekako,Mekako Saionji (Uber Rare Cat)
196,Catman,Dark Catman,Ultimate Catman,Catman (Uber Rare Cat)
197,Psychocat,Neo Psychocat,Corrupted Psychocat,Psychocat (Rare Cat)
198,Onmyoji Cat,Magica Cat,Thaumaturge Cat,Onmyoji Cat (Rare Cat)
199,Surfer Cat,Castaway Cat,Seafarer Cat,Surfer Cat (Super Rare Cat)
200,Metal Cat,Metal Macho,,Metal Cat (Super Rare Cat)
201,Drumcorps Cat,Banner Cat,Mochi Cat,Drumcorps Cat (Rare Cat)
202,Baozi Cat,Big Baozi,,Baozi Cat (Special Cat)
203,Kachi-Kachi,Fire Squad Kachiyama,Kachiyama Assault Brigade,Kachi-Kachi (Uber Rare Cat)
204,Airou,Airou & Melaleu,,Airou (Special Cat)
205,Sheria - Kirin,Sheria - KirinX,,Sheria - Kirin (Special Cat)
206,Rathalos,Rathalos & Cat,,Rathalos (Special Cat)
207,Rathian,Rathian & Cat,,Rathian (Special Cat)
208,Kirin Neko,Kirin Neko Kirin,,Kirin Neko (Special Cat)
209,Li'l Cat,Li'l Macho Cat,Li'l Mohawk Cat,Li'l Cat (Special Cat)
210,Li'l Tank Cat,Li'l Wall Cat,Li'l Eraser Cat,Li'l Tank Cat (Special Cat)
211,Li'l Axe Cat,Li'l Brave Cat,Li'l Dark Cat,Li'l Axe Cat (Special Cat)
212,The White Rabbit,The Black Cat,The Grey Fox,The White Rabbit (Uber Rare Cat)
213,Catburger,Cat Royale,Value Meal Cat,Catburger (Special Cat)
214,HYAKUTARO,HYAKUTARO CC,,HYAKUTARO (Rare Cat)
215,MARCO,MARCO CC,,MARCO (Rare Cat)
216,TARMA,TARMA CC,,TARMA (Rare Cat)
217,ERI,ERI CC,,ERI (Rare Cat)
218,FIO,FIO CC,,FIO (Rare Cat)
219,SV-001,SV-001 CC,,SV-001 (Super Rare Cat)
220,ALLEN O'NEIL,ALLEN O'NEIL CC,,ALLEN O'NEIL (Super Rare Cat)
221,MARS PEOPLE,MARS PEOPLE CC,,MARS PEOPLE (Rare Cat)
222,HUGE HERMIT,HUGE HERMIT CC,,HUGE HERMIT (Uber Rare Cat)
223,JUPITER KING,JUPITER KING CC,,JUPITER KING (Uber Rare Cat)
224,DONALD MORDEN,GENERAL MORDEN,,DONALD MORDEN (Uber Rare Cat)
225,HI-DO,HI-DO CC,,HI-DO (Uber Rare Cat)
226,Warlock and Pierre,Dark Merchant Babil,Mad Doctor Klay,Warlock and Pierre (Uber Rare Cat)
227,Pumpcat,Cat O'Lantern,Harbinger Cat,Pumpcat (Rare Cat)
228,Gloomy Neneko,Witchy Neneko,Costumed Witchy Neneko,Gloomy Neneko (Super Rare Cat)
229,Hallowindy,"Hallowindy, type α",,Hallowindy (Uber Rare Cat)
230,Spooky Thundia,"Spooky Thundia, type β",,Spooky Thundia (Uber Rare Cat)
231,Oden,Oden CC,,Oden (Special Cat)
232,Junior God of Light - Valkyrie,Junior God of Light - Valkyrie CC,,Junior God of Light - Valkyrie (Rare Cat)
233,Junior God Brynhildr,Junior God Brynhildr CC,,Junior God Brynhildr (Rare Cat)
234,Junior God Suruzu,Junior God Suruzu CC,,Junior God Suruzu (Rare Cat)
235,Goddess of Abundance - Freya,Goddess of Abundance - Freya CC,,Goddess of Abundance - Freya (Super Rare Cat)
236,God of War - Odin,God of War - Odin CC,,God of War - Odin (Uber Rare Cat)
237,Freshman Cat Jobs,Prof. Cat Jobs,Headmaster Cat Jobs,Freshman Cat Jobs (Super Rare Cat)
238,Rich Cat III,Rich Cat Sr.,Richest Cat,Rich Cat III (Super Rare Cat)
239,Sniper the Recruit,Sniper the Heavy,Sniper the Deadeye,Sniper the Recruit (Super Rare Cat)
240,Togeluga,Togelan Pasalan,Shishilan Pasalan,Togeluga (Uber Rare Cat)
241,Frosty Kai,"Frosty Kai, type μ",,Frosty Kai (Uber Rare Cat)
242,Santa Kuu,"Santa Kuu, type γ",,Santa Kuu (Uber Rare Cat)
243,Holy Coppermine,"Holy Coppermine, type κ",,Holy Coppermine (Uber Rare Cat)
244,A Gift of Cats,Cat's Gift,,A Gift of Cats (Rare Cat)
245,Li'l Gross Cat,Li'l Sexy Legs Cat,Li'l Macho Legs Cat,Li'l Gross Cat (Special Cat)
246,Li'l Cow Cat,Li'l Giraffe Cat,Li'l Lion Cat,Li'l Cow Cat (Special Cat)
247,Li'l Bird Cat,Li'l UFO Cat,Li'l Flying Cat,Li'l Bird Cat (Special Cat)
248,Undead Cat,Bake-Nyanko,Resurrected Cat,Undead Cat (Special Cat)
249,C&D Swordsman,Sailor Swordsman,Swordsman of the Ming Emperor,C&D Swordsman (Rare Cat)
250,Horsemen Cavalry,Forest Horsemen Cavalry,Thunderclap Horsemen Cavalry,Horsemen Cavalry (Rare Cat)
251,Ashura,Warrior Ashura,Kabukimono Ashura,Ashura (Rare Cat)
252,Battle Balloon,Pirate Battle Balloon,UFO Battle Balloon,Battle Balloon (Rare Cat)
253,Dragon Rider,Horn Dragon Rider,Flame Dragon Rider,Dragon Rider (Rare Cat)
254,Pretty Cat,Lovely Pretty Cat,Cyber Pretty Cat,Pretty Cat (Rare Cat)
255,Cyclops,Cyclops of Steel,Cyclops of Time-space,Cyclops (Rare Cat)
256,Golem,Rabbit Golem,Volcano Golem,Golem (Special Cat)
257,Thunder God Zeus,The Majestic Zeus,Almighty Zeus,Thunder God Zeus (Uber Rare Cat)
258,Anubis the Protector,Anubis the Unblemished,Almighty Anubis,Anubis the Protector (Uber Rare Cat)
259,Radiant Aphrodite,Megaphrodite,Almighty Aphrodite,Radiant Aphrodite (Uber Rare Cat)
260,Catway,Drone Cat,Time Traveller Cat,Catway (Super Rare Cat)
261,Hayabusa,Oni Hayabusa,Akuma Hayabusa,Hayabusa (Uber Rare Cat)
262,Nyamusu,Neko Nyamusu,,Nyamusu (Special Cat)
263,Pochi,Tank Pochi,,Pochi (Special Cat)
264,Kuromi,Kuromi and Cats,,Kuromi (Special Cat)
265,Setsuko,Setsuko Love Mackerel,,Setsuko (Special Cat)
266,Nebaaru-kun,Nebaaru-kun and Cat,,Nebaaru-kun (Special Cat)
267,Catornado,Hurricat,Catyphoon,Catornado (Super Rare Cat)
268,Red Riding Mina,Crimson Mina,Awakened Mina,Red Riding Mina (Special Cat)
269,Baby Gao,Mighty Lord Gao,,Baby Gao (Uber Rare Cat)
270,Crazed Yuki,Crazed Yuki & Cat,Crazed Catgirl Yuki,Crazed Yuki (Uber Rare Cat)
271,Shining Amaterasu,Glorious Amaterasu,Almighty Amaterasu,Shining Amaterasu (Uber Rare Cat)
272,Splendid Ganesha,Exalted Ganesha,Almighty Ganesha,Splendid Ganesha (Uber Rare Cat)
273,Cheerleader Cat,Waitress Cat,Soba Cat,Cheerleader Cat (Super Rare Cat)
274,Tropical Kalisa,"Tropical Kalisa, type X",,Tropical Kalisa (Uber Rare Cat)
275,Midsummer Rabbit,Midsummer Cat,,Midsummer Rabbit (Uber Rare Cat)
276,Sunny Neneko,Seaside Neneko,Early Summer Neneko,Sunny Neneko (Super Rare Cat)
277,Funghi,Funghi 'n' Cat,,Funghi (Rare Cat)
278,Tanky,Tanky 'n' Cat,,Tanky (Special Cat)
279,White Cat,Gross White Cat,,White Cat (Special Cat)
280,Fortressy,Castley,,Fortressy (Special Cat)
281,Futenyan,Massaging Futenyan,,Futenyan (Rare Cat)
282,Awa-Odori Cat,So-Ran Cat,Gorgeous Groovin' Cat,Awa-Odori Cat (Rare Cat)
283,Pai-Pai,Pai-Pai Z,Pai-Pai DX,Pai-Pai (Uber Rare Cat)
284,Express Cat,Maglev Cat,Bullet Train Cat,Express Cat (Super Rare Cat)
285,Crazed Baozi Cat,Crazed Big Baozi Cat,,Crazed Baozi Cat (Special Cat)
286,Strike Unit R.E.I.,Assault Unit R.E.I.,Flight Unit R.E.I.,Strike Unit R.E.I. (Uber Rare Cat)
287,Little Leaguer Cat,Major Leaguer Cat,Golfer Cat,Little Leaguer Cat (Super Rare Cat)
288,Madoka Kaname,Madoka & Cat,,Madoka Kaname (Uber Rare Cat)
289,Homura Akemi,Homura & Cat,,Homura Akemi (Uber Rare Cat)
290,Sayaka Miki,Sayaka & Cat,,Sayaka Miki (Uber Rare Cat)
291,Mami Tomoe,Mami & Cat,,Mami Tomoe (Uber Rare Cat)
292,Kyoko Sakura,Kyoko & Cat,,Kyoko Sakura (Uber Rare Cat)
293,Kyubey,Kyubey & Cat,,Kyubey (Super Rare Cat)
294,Madoka Cat,Magical Girl Madoka Cat,,Madoka Cat (Rare Cat)
295,Homura Cat,Magical Girl Homura Cat,,Homura Cat (Rare Cat)
296,Sayaka Cat,Magical Girl Sayaka Cat,,Sayaka Cat (Rare Cat)
297,Mami Cat,Magical Girl Mami Cat,,Mami Cat (Rare Cat)
298,Kyoko Cat,Magical Girl Kyoko Cat,,Kyoko Cat (Rare Cat)
299,Li'l Madoka,Li'l Magical Girl Madoka,Li'l Ultimate Madoka,Li'l Madoka (Rare Cat)
300,Li'l Homura,Li'l Magical Girl Homura,Li'l Devil Homura,Li'l Homura (Special Cat)
301,Kyubey Cat,Tank Kyubey Cat,,Kyubey Cat (Rare Cat)
302,Lilith Cat,Succubus Cat,Queen Succubus Cat,Lilith Cat (Uber Rare Cat)
303,Food Stall Cat,Delivery Cat,,Food Stall Cat (Rare Cat)
304,Mighty Kat-A-Pult,CAT-6 Siege Engine,CAT-8 Behemoth,Mighty Kat-A-Pult (Uber Rare Cat)
305,Mighty Drednot,B.C.S. Lionheart,B.C.S. Tigerclaw,Mighty Drednot (Uber Rare Cat)
306,Mighty Bomburr,NEK-0 Sky Fortress,NEK-02 Air Citadel,Mighty Bomburr (Uber Rare Cat)
307,Vaulter Cat,Polevaulter Cat,Housewife Cat,Vaulter Cat (Super Rare Cat)
308,Gardener Cat,Lumbercat,Weedwacker Cat,Gardener Cat (Rare Cat)
309,Neko Hakase,Neko Hakase and Cat,,Neko Hakase (Special Cat)
310,Yuletide Nurse,Yule Knight Nurse,Xmas Spirit Nurse,Yuletide Nurse (Uber Rare Cat)
311,Li'l Fish Cat,Li'l Whale Cat,Li'l Island Cat,Li'l Fish Cat (Special Cat)
312,Li'l Lizard Cat,Li'l Dragon Cat,Li'l King Dragon Cat,Li'l Lizard Cat (Special Cat)
313,Li'l Titan Cat,Li'l Mythical Titan,Li'l Jamiera Cat,Li'l Titan Cat (Special Cat)
314,Years-End Neneko,New Year Neneko,Festive New Year Neneko,Years-End Neneko (Super Rare Cat)
315,PIKOTARO,NEKOTARO,,PIKOTARO (Rare Cat)
316,Wrathful Poseidon,Valiant Poseidon,Almighty Poseidon,Wrathful Poseidon (Uber Rare Cat)
317,CPAC,PPAP,,CPAC (Special Cat)
318,Miko Mitama,Mitama the Oracle,,Miko Mitama (Uber Rare Cat)
319,Killer Cat,True Killer Cat,Radical Cat,Killer Cat (Rare Cat)
320,Hiroshi Mihara,One Two Three ~ Hara Idols Cat,Idol Mihara & Cat,Hiroshi Mihara (Rare Cat)
321,Nazousagi,Miya Ōdō Rabbit,,Nazousagi (Special Cat)
322,Sarukani,Rock Revengers,The One-Hit Wonders,Sarukani (Uber Rare Cat)
323,Miyamoku Musashi,Heroic Musashi,Awakened Musashi,Miyamoku Musashi (Special Cat)
324,Curling Cat,Zamboney Cat,Green Shell Cat,Curling Cat (Rare Cat)
325,Welterweight Cat,Heavyweight Cat,Ectoweight Cat,Welterweight Cat (Rare Cat)
326,Mobius,Miraculous Mobius,,Mobius (Uber Rare Cat)
327,Belial,Reckless Belial,,Belial (Super Rare Cat)
328,Happy 100,Heartful Happy 100,,Happy 100 (Special Cat)
329,Eggy Cat,Easter Cat,,Eggy Cat (Rare Cat)
330,Springtime Kenshin,Full-Bloom Kenshin,Spring Breeze Kenshin,Springtime Kenshin (Uber Rare Cat)
331,Bunny & Canard,Disciple Psychoduck,Malevolent Mad-Duck,Bunny & Canard (Uber Rare Cat)
332,Easter Neneko,Hoppity Neneko,Blossoming Neneko,Easter Neneko (Super Rare Cat)
333,Shadow Gao,Diabolic Gao,,Shadow Gao (Uber Rare Cat)
334,Trickster Himeyuri,Himeyuri Ninetails,Fox Queen Himeyuri,Trickster Himeyuri (Uber Rare Cat)
335,Sea Maiden Ruri,Sea Mistress Ruri,Mer-Queen Ruri,Sea Maiden Ruri (Uber Rare Cat)
336,Queen Reika,Pharoah Reika,Eternal Reika,Queen Reika (Uber Rare Cat)
337,Princess Ship,Princess Ship CC,Premium Ship CC,Princess Ship (Uber Rare Cat)
338,Imagawa Yoshimoto,Wargod Yoshimoto,Immortal Yoshimoto,Imagawa Yoshimoto (Uber Rare Cat)
339,Iron Wall Shield,,,Ototo Development Team#Base upgrade materials/information
340,Redhead Yuki Cat,Redhead Lovely Yuki Cat,,Redhead Yuki Cat (Rare Cat)
341,Lost World Yuki,Lost World Yuki & Cat,Lost World Catgirl Yuki,Lost World Yuki (Uber Rare Cat)
342,Maneki Cat,Neo Maneki Cat,,Maneki Cat (Special Cat)
343,Slug Jockey Cat,Slugcat,,Slug Jockey Cat (Rare Cat)
344,Orthos,Orthos CC,Artist Orthos CC,Orthos (Super Rare Cat)
345,Michelia,Michelia CC,Naptime Michelia CC,Michelia (Uber Rare Cat)
346,Todomeki,Todomeki CC,,Todomeki (Uber Rare Cat)
347,Gudetama Cat,Gude Omelette Cat,Gudebene Cat,Gudetama Cat (Special Cat)
348,Gudetama Plate,Gudetama Bacon Plate,,Gudetama Plate (Rare Cat)
349,Gudegude Pudding,Gudegude à la mode,,Gudegude Pudding (Super Rare Cat)
350,Nisetama Army,Nisetama Cat Army,,Nisetama Army (Uber Rare Cat)
351,Twinstars,"Twinstars, type Φ",Divine Twinstars,Twinstars (Uber Rare Cat)
352,Hermit Cat,Grandmaster Cat,Masked Grandmaster Cat,Hermit Cat (Special Cat)
353,Cat Slave Chocolate,Cat and Chocolate,Chocolate Cat,Cat Slave Chocolate (Rare Cat)
354,Seashore Kai,"Seashore Kai, type μ",,Seashore Kai (Uber Rare Cat)
355,Mighty Rekon Korps,Orbital Platform Armageddon,Orbital Annihilator Ragnarok,Mighty Rekon Korps (Uber Rare Cat)
356,Nora,Awakened Nora,,Nora (Special Cat)
357,Wolfchild Deale,Wolf Princess Deale,Jester Queen Deale,Wolfchild Deale (Uber Rare Cat)
358,Graveflower Verbena,Verbena the Bride,Opulent Verbena,Graveflower Verbena (Uber Rare Cat)
359,Bora,Bazibon,Bazibastra,Bora (Uber Rare Cat)
360,Mizli,Marinmizu,Mizuririn,Mizli (Uber Rare Cat)
361,Aer,Erphuan,Aervanta,Aer (Uber Rare Cat)
362,Saber,Saber CC,Saber Alter CC,Saber (Uber Rare Cat)
363,Rin Tohsaka,Rin Tohsaka CC,,Rin Tohsaka (Uber Rare Cat)
364,Illyasviel,Illyasviel CC,,Illyasviel (Uber Rare Cat)
365,Archer,Archer CC,,Archer (Uber Rare Cat)
366,Lancer,Lancer CC,,Lancer (Uber Rare Cat)
367,Rider,Rider CC,,Rider (Uber Rare Cat)
368,Gilgamesh,Gilgamesh CC,,Gilgamesh (Uber Rare Cat)
369,Saber the Cat,Heroic Spirit Saber Cat,Saber Alter Cat,Saber the Cat (Special Cat)
370,Sakura the Cat,Apron Sakura Cat,Dreaming Sakura Cat,Sakura the Cat (Rare Cat)
371,Rin the Cat,Mage Rin Cat,,Rin the Cat (Rare Cat)
372,Illya the Cat,Snow Faerie Illya,,Illya the Cat (Rare Cat)
373,Li'l Shirou,Li'l Shirou CC,,Li'l Shirou (Rare Cat)
374,Li'l Sakura,Li'l Sakura CC,,Li'l Sakura (Special Cat)
375,Coin Cat,Macho Coin Cat,,Coin Cat (Special Cat)
376,Rover Cat,Rover Cat Mk II,Catellite,Rover Cat (Rare Cat)
377,Fencer Cat,Kendo Cat,The Kitty of Liberty,Fencer Cat (Super Rare Cat)
378,Dark Mitama,Gothic Mitama,,Dark Mitama (Uber Rare Cat)
379,Volley Cat,Ballet Cat,Curry Cat,Volley Cat (Rare Cat)
380,D'artanyan,Meow-sketeer,,D'artanyan (Uber Rare Cat)
381,Farmer Cat,Harvest Cat,,Farmer Cat (Special Cat)
382,Glass Cat,Macho Glass Cat,Macho Crystal Cat,Glass Cat (Rare Cat)
383,Masked Yulala,Mystic Yulala,Spiritual Yulala,Masked Yulala (Special Cat)
384,Satori Hikami & Cat,Satori Hikami & Cat CC,,Satori Hikami & Cat (Special Cat)
385,Akio Yabe,Akio Yabe CC,Akio & Gunder CC,Akio Yabe (Rare Cat)
386,Sairi Nijitani,Sairi Nijitani CC,,Sairi Nijitani (Rare Cat)
387,Misaki Konno,Misaki Konno CC,,Misaki Konno (Rare Cat)
388,Ren Katagiri,Ren Katagiri CC,,Ren Katagiri (Rare Cat)
389,Karin Nekozuka,Karin Nekozuka CC,,Karin Nekozuka (Rare Cat)
390,Aoi Hayakawa,Aoi Hayakawa CC,Baseball Mask α,Aoi Hayakawa (Super Rare Cat)
391,Mizuki Tachibana,Mizuki Tachibana CC,Baseball Mask β,Mizuki Tachibana (Super Rare Cat)
392,Hijiri Rokudo,Hijiri Rokudo CC,Baseball Mask γ,Hijiri Rokudo (Super Rare Cat)
393,Saki Nijima,Saki Nijima CC,Samba Saki CC,Saki Nijima (Uber Rare Cat)
394,Subaru Hoshi,Subaru Hoshi CC,Dark Subaru CC,Subaru Hoshi (Uber Rare Cat)
395,Miyabi Oyama,Miyabi Oyama CC,Baseball Mask δ,Miyabi Oyama (Uber Rare Cat)
396,Ganglion,Ganglion the Ancient,Ganglion the Unleashed,Ganglion (Uber Rare Cat)
397,Sakura Sonic,Afterschool Sakura,Sacred Blade Sakura,Sakura Sonic (Uber Rare Cat)
398,Honeyto-Kun,Honeyto-Kun & Cat,,Honeyto-Kun (Special Cat)
399,Mentori,Mentori CC,,Mentori (Rare Cat)
400,Imoto,Imoto CC,,Imoto (Special Cat)
401,Voli,Volta,Gigavolta,Voli (Uber Rare Cat)
402,Shinji & Cat,Plug Suit Shinji,Plug Suit Shinji Black,Shinji & Cat (Rare Cat)
403,Gendo & Fuyutsuki Cats,Moon Gendo & Fuyutsuki Cats,,Gendo & Fuyutsuki Cats (Special Cat)
404,Giraffe Unit-01,Giraffe Unit-02,,Giraffe Unit-01 (Rare Cat)
405,Kaworu & Cat,Plug Suit Kaworu,Moon Kaworu,Kaworu & Cat (Special Cat)
406,Rei Cat,Ayanami Cat (TBC),,Rei Cat (Rare Cat)
407,Asuka Cat,Apron Asuka,,Asuka Cat (Rare Cat)
408,Mari Cat,Special Ops Mari,,Mari Cat (Rare Cat)
409,Rei Ayanami,Plug Suit Rei,,Rei Ayanami (Super Rare Cat)
410,Asuka Langley,Plug Suit Asuka,Eyepatch Li'l Asuka,Asuka Langley (Super Rare Cat)
411,Mari Illustrious,Plug Suit Mari,,Mari Illustrious (Super Rare Cat)
412,Eva Unit-00,Eva Unit-00 & Cat,,Eva Unit-00 (Uber Rare Cat)
413,Eva Unit-01,Eva Unit-01 & Cat,,Eva Unit-01 (Uber Rare Cat)
414,Eva Unit-02,Eva Unit-02 & Cat,"Unit-02, Code 777",Eva Unit-02 (Uber Rare Cat)
415,Shinji Cat,Toji & Kensuke Cats,,Shinji Cat (Uber Rare Cat)
416,Moon Operators,NERV Moon,,Moon Operators (Uber Rare Cat)
417,Mighty Thermae D-Lux,Subterra Guardians,Subterra Sentinels,Mighty Thermae D-Lux (Uber Rare Cat)
418,Crazed Moneko,Corrupted Moneko,,Crazed Moneko (Special Cat)
419,Pokota,Pokota CC,,Pokota (Rare Cat)
420,Ovis,Ovis CC,,Ovis (Rare Cat)
421,Coco,Coco CC,,Coco (Rare Cat)
422,Moe Uzumasa & Cat,Moe Uzumasa & Cat CC,,Moe Uzumasa & Cat (Rare Cat)
423,Saki Matsuga & Cat,Saki Matsuga & Cat CC,,Saki Matsuga & Cat (Rare Cat)
424,Misa Ono & Cat,Misa Ono & Cat CC,,Misa Ono & Cat (Rare Cat)
425,Rei Uzumasa & Cat,Rei Uzumasa & Cat CC,,Rei Uzumasa & Cat (Special Cat)
426,Mecha-Bun,Mecha-Bun Mk II,Ultimate Mecha-Bun,Mecha-Bun (Special Cat)
427,Cat Clan Heroes,Cat Guild Heroes,Cat Quest Heroes,Cat Clan Heroes (Uber Rare Cat)
428,Souma Cat,Stylish Souma Cat,,Souma Cat (Rare Cat)
429,Otaku Geek Cat,Hacker Geek Cat,,Otaku Geek Cat (Super Rare Cat)
430,Gude-Cat Machine,Gude-Cat Machine - Egg,,Gude-Cat Machine (Uber Rare Cat)
431,Detective Vigler,Inspector Gabriel,Section Chief Gravicci,Detective Vigler (Uber Rare Cat)
432,Betakkuma,Black Betakkuma,,Betakkuma (Rare Cat)
433,Nekokkuma,Killer Nekokkuma,,Nekokkuma (Special Cat)
434,White Swordsman Cat,Black Swordsman Cat,,White Swordsman Cat (Special Cat)
435,Li'l Valkyrie,Wind Dancer Valkyrie,,Li'l Valkyrie (Uber Rare Cat)
436,Nobiluga,Nobilan Pasalan,Mystican Pasalan,Nobiluga (Uber Rare Cat)
437,Cat God the Great,Cat God the Awesome,Cat God the Golden,Cat God the Great (Special Cat)
438,Waverider Kuu,"Waverider Kuu, type γ",,Waverider Kuu (Uber Rare Cat)
439,Empress Chronos,Chronos the Infinite,Almighty Chronos,Empress Chronos (Uber Rare Cat)
440,Bebe,Nagisa & Cat,,Bebe (Uber Rare Cat)
441,D'arktanyan,Valiant D'arktanyan,,D'arktanyan (Uber Rare Cat)
442,Lone Cat and Kitten,Vendor Cat and Kitten,Tourist Cat,Lone Cat and Kitten (Rare Cat)
443,Driller Cat,Power Driller Cat,Neo Driller Cat,Driller Cat (Super Rare Cat)
444,Piledriver Cat,Power Piledriver Cat,Neo Piledriver Cat,Piledriver Cat (Super Rare Cat)
445,Cutter Cat,Power Cutter Cat,Neo Cutter Cat,Cutter Cat (Super Rare Cat)
446,Backhoe Cat,Power Backhoe Cat,Neo Backhoe Cat,Backhoe Cat (Super Rare Cat)
447,Miter Saw Cat,Power Saw Cat,Neo Saw Cat,Miter Saw Cat (Super Rare Cat)
448,Musashi Miyamoto,Wargod Miyamoto,,Musashi Miyamoto (Legend Rare Cat)
449,Headmistress Jeanne,Headmistress Jeanne ψ,,Headmistress Jeanne (Legend Rare Cat)
450,High Lord Babel,Babel the Darkflame,,High Lord Babel (Legend Rare Cat)
451,Ushiwakamaru,Colossal Benkei,,Ushiwakamaru (Legend Rare Cat)
452,Primordial Cat,Modern Cat,Future Cat,Primordial Cat (Rare Cat)
453,Kitarou,GeGeGe no Kitarou,,Kitarou (Special Cat)
454,Medama-Oyaji,Bathing Oyaji,,Medama-Oyaji (Special Cat)
455,Wonder MOMOCO,Cutie MOMOCO,,Wonder MOMOCO (Legend Rare Cat)
456,Sakura Matou,Sakura Matou CC,,Sakura Matou (Uber Rare Cat)
457,Shirou the Cat,Novice Mage Shirou Cat,,Shirou the Cat (Special Cat)
458,Archer the Cat,Heroic Spirit Archer Cat,,Archer the Cat (Rare Cat)
459,Rider the Cat,Heroic Spirit Rider Cat,,Rider the Cat (Rare Cat)
460,Kotomine & Gilgamesh Cats,Gilgamesh & Kotomine Cats,,Kotomine & Gilgamesh Cats (Super Rare Cat)
461,Legeluga,Legelan Pasalan,,Legeluga (Legend Rare Cat)
462,Filibuster Cat X,Filibuster Cat Y,,Filibuster Cat X (Special Cat)
463,Mighty Kristul Muu,Doom Engine Pandora,,Mighty Kristul Muu (Legend Rare Cat)
464,Dogumaru,Doguemon,,Dogumaru (Special Cat)
465,Maji Cat & Cat Tour Group,Maji Cat & Cat Tour Taiwan,,Maji Cat & Cat Tour Group (Rare Cat)
466,Black Zeus,Dark Lord Zeus,,Black Zeus (Legend Rare Cat)
467,Super Zeus,All-Powerful Super Zeus,Super S-Zeus,Super Zeus (Uber Rare Cat)
468,Holy Phoenix,Holy Warrior Phoenix,Head Rococo,Holy Phoenix (Uber Rare Cat)
469,Super Devil,Imposter Super Devil,Super D-Devil,Super Devil (Uber Rare Cat)
470,Satanmaria,Wondermaria,,Satanmaria (Uber Rare Cat)
471,Heracrist,Perfect Heracrist,,Heracrist (Uber Rare Cat)
472,Fiendish Nero,Beastly Nero,,Fiendish Nero (Super Rare Cat)
473,Prince Yamato,Holy Yamato,Rampaging Yamato,Prince Yamato (Rare Cat)
474,Rosary Angel,Cross Angel,Strike Angel,Rosary Angel (Special Cat)
475,Wakamiko Cat,Warrior King Cat,,Wakamiko Cat (Special Cat)
476,Cat Devil,Infernal Cat,,Cat Devil (Special Cat)
477,Nekonosuke,Old Guardian Cat,,Nekonosuke (Special Cat)
478,Lumina,Luminalia,,Lumina (Legend Rare Cat)
479,Gummy Cat,Lucky Cat,Gummy Cat Soda,Gummy Cat (Special Cat)
480,Neko-Musume,Cat Neko-Musume,,Neko-Musume (Rare Cat)
481,Doktor Heaven,Professor Abyss,,Doktor Heaven (Legend Rare Cat)
482,Benevolent Souma,Souma & Cat,Cat-Eared Souma,Benevolent Souma (Uber Rare Cat)
483,Kano & Souma,Kano & Souma & Cat,,Kano & Souma (Rare Cat)
484,Li'l Valkyrie Dark,Dark Rider Valkyrie,,Li'l Valkyrie Dark (Uber Rare Cat)
485,Karetto,Karetto CC,,Karetto (Uber Rare Cat)
486,Hina,Swordsman Hina,,Hina (Super Rare Cat)
487,Eva Unit-08,Eva Unit-08 & Cat,,Eva Unit-08 (Uber Rare Cat)
488,AAA Wunder,NNN Wunder,,AAA Wunder (Uber Rare Cat)
489,Misato Katsuragi,Captain Misato,,Misato Katsuragi (Super Rare Cat)
490,Ritsuko Akagi,First Officer Ritsuko,,Ritsuko Akagi (Super Rare Cat)
491,Rei Ayanami (???),Awakened Ayanami,,Rei Ayanami (???) (Super Rare Cat)
492,HAPPI,HAPPI & Maji Cat,HAPPI & Maji Cat & Cat,HAPPI (Rare Cat)
493,Gaia the Creator,Gaia the Supreme,,Gaia the Creator (Legend Rare Cat)
494,Seabreeze Coppermine,"Seabreeze Coppermine, type κ",,Seabreeze Coppermine (Uber Rare Cat)
495,Matador Cat,Flamenco Cat,Bellydance Cat,Matador Cat (Rare Cat)
496,Narita Kaihime,Wargod Kaihime,Immortal Kaihime,Narita Kaihime (Uber Rare Cat)
497,Shakurel Cat,Shakurel Macho Cat,,Shakurel Cat (Special Cat)
498,Shakurel Lion,Shakurel Lion CC,,Shakurel Lion (Special Cat)
499,Shakurel Tiger,Shakurel Tiger CC,,Shakurel Tiger (Special Cat)
500,Shakurel Panda,Shakurel Panda CC,,Shakurel Panda (Special Cat)
501,Cat Bros,Baka Cat Bros,,Cat Bros (Rare Cat)
502,Myrcia,"Myrcia, type ξ",Divine Myrcia,Myrcia (Uber Rare Cat)
503,2D Cat,3D Cat,,2D Cat (Rare Cat)
504,Fatherly Cat (Shopkeeper),Fatherly Cat (Active Service),,Fatherly Cat (Shopkeeper) (Special Cat)
505,Relentless Gladios,Gladios the Annihilator,God-Emperor Gladios,Relentless Gladios (Uber Rare Cat)
506,Eyewaltz,Eyewaltz CC,Unnamed Eyewaltz CC,Eyewaltz (Uber Rare Cat)
507,Mightycat,Supercat,,Mightycat (Rare Cat)
508,Ryu Cat,Ryu Cat CC,,Ryu Cat (Rare Cat)
509,Chun-Li Cat,Chun-Li Cat CC,,Chun-Li Cat (Special Cat)
510,Akuma,Akuma CC,,Akuma (Legend Rare Cat)
511,Ryu,Ryu CC,Kage,Ryu (Uber Rare Cat)
512,Chun-Li,Chun-Li CC,,Chun-Li (Uber Rare Cat)
513,Guile,Guile CC,,Guile (Uber Rare Cat)
514,Zangief,Zangief CC,,Zangief (Uber Rare Cat)
515,Blanka,Blanka CC,,Blanka (Uber Rare Cat)
516,Dhalsim,Dhalsim CC,,Dhalsim (Uber Rare Cat)
517,Ken,Ken CC,,Ken (Uber Rare Cat)
518,Akuma Giraffe,Akuma Lion,,Akuma Giraffe (Rare Cat)
519,Lasvoss,Ultimate Lasvoss,Lasvoss Reborn,Lasvoss (Uber Rare Cat)
520,Good-Luck Ebisu,Bad-Luck Ebisu,,Good-Luck Ebisu (Super Rare Cat)
521,Medusa Cat,Twintail Medusa Cat,Naga Cat,Medusa Cat (Rare Cat)
522,Nymph Cat,Medalist Cat,Fiend Cat,Nymph Cat (Super Rare Cat)
523,Wushu Cat,Sifu Cat,Shigong Cat,Wushu Cat (Rare Cat)
524,Sorakara,Sorakara & Cat,,Sorakara (Rare Cat)
525,Kintaro,Kinrangers RoboForce,Kinrangers GigaForce,Kintaro (Uber Rare Cat)
526,Snow Angel Twinstars,"Snow Angel Twinstars, type Φ",,Snow Angel Twinstars (Uber Rare Cat)
527,Slime Cat,Jellycat,,Slime Cat (Rare Cat)
528,Cossack Cat,Vodka Cat,,Cossack Cat (Rare Cat)
529,Kasli the Scourge,Ritual Saint Kasli,,Kasli the Scourge (Uber Rare Cat)
530,Erume,Erume CC,,Erume (Uber Rare Cat)
531,Teacher BearCat,Assassin BearCat,Cadaver BearCat,Teacher BearCat (Rare Cat)
532,Urs & Fenrir,Urs & Minka,,Urs & Fenrir (Special Cat)
533,Sharpshooter Saki,Nighthunter Saki,Bad Blaster Saki,Sharpshooter Saki (Uber Rare Cat)
534,Hades the Punisher,Hades the Deathdealer,Almighty Hades,Hades the Punisher (Uber Rare Cat)
535,Hatsune Miku,Hatsune Miku CC,,Hatsune Miku (Uber Rare Cat)
536,Sakura Miku,Sakura Miku CC,,Sakura Miku (Uber Rare Cat)
537,Kagamine Rin & Len,Kagamine Rin & Len CC,,Kagamine Rin & Len (Uber Rare Cat)
538,Miku Cat,Miku Cat CC,,Miku Cat (Rare Cat)
539,Rugby Cat,Quarterback Cat,,Rugby Cat (Rare Cat)
540,U.F.O. Cat,U.F.O. Yakisoba Cat,,U.F.O. Cat (Rare Cat)
541,Yakisoba Cat,Splendid!Thick!Big!Cat,,Yakisoba Cat (Special Cat)
542,Cat Boy,Cat Student,,Cat Boy (Special Cat)
543,Kasli the Bane,"Kasli, Daughter of Chaos",,Kasli the Bane (Uber Rare Cat)
544,Kyosaka Nanaho,True Kyosaka Nanaho,,Kyosaka Nanaho (Legend Rare Cat)
545,Phantom Cat,Miasma Cat,,Phantom Cat (Rare Cat)
546,Papaluga,Papalan Pasalan,Sukelan Kakulan,Papaluga (Uber Rare Cat)
547,Night Oracle Rei,Heavenly Herald Rei,,Night Oracle Rei (Uber Rare Cat)
548,The 4th Angel,4th Angel Cat,,The 4th Angel (Uber Rare Cat)
549,The 6th Angel,6th Angel Cat,,The 6th Angel (Uber Rare Cat)
550,The 10th Angel,10th Angel Cat,,The 10th Angel (Uber Rare Cat)
551,The 9th Angel,9th Angel Cat,,The 9th Angel (Uber Rare Cat)
552,Kaworu Cat,Moon Kaworu Cat,,Kaworu Cat (Rare Cat)
553,Bakery Cat,Boomerang Cat,,Bakery Cat (Rare Cat)
554,Master Uril,Mystic Uril,,Master Uril (Special Cat)
555,Shaman Khan,All-Loving Shaman Khan,,Shaman Khan (Uber Rare Cat)
556,Holy Knight Alibaba,Holy King Alibaba,Ghost Alibaba,Holy Knight Alibaba (Super Rare Cat)
557,Heavenly Jack,Heavenly Lord Jack,,Heavenly Jack (Special Cat)
558,Gacha Cat,Lucky Gacha Cat,,Gacha Cat (Special Cat)
559,Hell Warden Emma,Hell Sentinel Emma,,Hell Warden Emma (Uber Rare Cat)
560,Megurine Luka,Megurine Luka CC,,Megurine Luka (Uber Rare Cat)
561,MEIKO & Cat,MEIKO & Cat CC,,MEIKO & Cat (Super Rare Cat)
562,Luka Cat,Luka Cat CC,,Luka Cat (Rare Cat)
563,Squirtgun Saki,Aquabuster Saki,Aquablaster Saki,Squirtgun Saki (Uber Rare Cat)
564,Summerluga,Bikinilan Pasalan,Fabulous Pasalan,Summerluga (Uber Rare Cat)
565,Suntan Cat,Macho Suntan Cat,Permed Suntan Cat,Suntan Cat (Super Rare Cat)
566,Lifeguard Cats,Sweet Bro Cats,Gelato Bro Cats,Lifeguard Cats (Super Rare Cat)
567,Li'l Clops Cat Egg,Li'l Clops Cat,Raiden Li'l Clops Cat,Li'l Clops Cat Egg (Special Cat)
568,Idi:N,Idi:N2,,Idi:N (Special Cat)
569,Gravi,Gravolo,Gravolodon,Gravi (Uber Rare Cat)
570,Skull Rider Vars,Nightmare King Vars,Halloween Knight Vars,Skull Rider Vars (Uber Rare Cat)
571,E. Honda,E. Honda CC,,E. Honda (Uber Rare Cat)
572,Balrog,Balrog CC,,Balrog (Uber Rare Cat)
573,Vega,Vega CC,,Vega (Uber Rare Cat)
574,Sagat,Sagat CC,,Sagat (Uber Rare Cat)
575,M. Bison,M. Bison CC,,M. Bison (Uber Rare Cat)
576,C. Honda,C. Honda CC,,C. Honda (Super Rare Cat)
577,Balrog Cat,Balrog Cat CC,,Balrog Cat (Rare Cat)
578,Vega Cat,Vega Cat CC,,Vega Cat (Rare Cat)
579,Sagat Cat,Sagat Cat CC,,Sagat Cat (Rare Cat)
580,M. Bison Cat,M. Bison Cat CC,,M. Bison Cat (Rare Cat)
581,Stone Cat,Boulder Cat,,Stone Cat (Rare Cat)
582,Hatsune Miku: MM2020 Osaka,Hatsune Miku CC: MM2020 Osaka,,Hatsune Miku: MM2020 Osaka (Uber Rare Cat)
583,Hatsune Miku: MM2020 Tokyo,Hatsune Miku CC: MM2020 Tokyo,,Hatsune Miku: MM2020 Tokyo (Uber Rare Cat)
584,Keiji Claus,Maeda Christmas,Maeda Christmas DX,Keiji Claus (Uber Rare Cat)
585,Baby Garu,Mighty Aegis Garu,,Baby Garu (Uber Rare Cat)
586,Emperor Cat,Tyrant Cat,,Emperor Cat (Legend Rare Cat)
587,Sweet Aphrodite,Chocoladite,,Sweet Aphrodite (Uber Rare Cat)
588,First-Love Myrcia,First-Love Myrcia ξ,,First-Love Myrcia (Uber Rare Cat)
589,Valentine's Neneko,Sweetheart Neneko,True Love Neneko,Valentine's Neneko (Super Rare Cat)
590,Snow Miku 2021,Snow Miku CC 2021,,Snow Miku 2021 (Uber Rare Cat)
591,Kaito & Cat,Kaito & Cat CC,,Kaito & Cat (Super Rare Cat)
592,Neko Rin,Neko Rin CC,,Neko Rin (Rare Cat)
593,Neko Len,Neko Len CC,,Neko Len (Rare Cat)
594,Mighty Aethur Ltd.,Atlantis Logistix,Ultra Atlantis Logistix,Mighty Aethur Ltd. (Uber Rare Cat)
595,Blooming Kamukura,Everbloom Kamukura,Everbloom Lord Kamukura,Blooming Kamukura (Uber Rare Cat)
596,Ranma Saotome (M),Ranma Saotome (F),,Ranma Saotome (M) (Uber Rare Cat)
597,Akane Tendo,Akane Tendo (Gi),,Akane Tendo (Uber Rare Cat)
598,Ryoga Hibiki (Pig),Ryoga Hibiki,,Ryoga Hibiki (Pig) (Uber Rare Cat)
599,Shampoo (Cat),Shampoo,,Shampoo (Cat) (Uber Rare Cat)
600,Mousse (Duck),Mousse,,Mousse (Duck) (Uber Rare Cat)
601,Happosai,Happosai (Lewd),,Happosai (Super Rare Cat)
602,Ukyo Kuonji (GR),Ukyo Kuonji,,Ukyo Kuonji (GR) (Super Rare Cat)
603,Tatewaki Kuno (Gi),Tatewaki Kuno,,Tatewaki Kuno (Gi) (Super Rare Cat)
604,Ranma Cat (M),Ranma Cat (F),,Ranma Cat (M) (Rare Cat)
605,Akane Cat,Akane Cat (Gi),,Akane Cat (Rare Cat)
606,Panda Cat,Genma Cat,,Panda Cat (Special Cat)
607,Adventurer Kanna,Swashbuckler Kanna,Fabled Adventure Girl Kanna,Adventurer Kanna (Uber Rare Cat)
608,Wafer Cat,Wafer Cat BIG,,Wafer Cat (Special Cat)
609,Dark Aegis Garu,Dark Beastlord Garu,,Dark Aegis Garu (Uber Rare Cat)
610,Gold Brick Cat,King Ingot Cat,King Nekokhamen,Gold Brick Cat (Special Cat)
611,Godzilla Cat,Shin Godzilla Cat,,Godzilla Cat (Rare Cat)
612,Princess Cat,Empress Cat,,Princess Cat (Uber Rare Cat)
613,Elder Mask Doron,Cat Mask Doron,,Elder Mask Doron (Special Cat)
614,Kaguya of the Coast,The Southern Sun,The Southern Sunflare,Kaguya of the Coast (Uber Rare Cat)
615,Kabuto Cat,Golden Kabuto Cat,,Kabuto Cat (Special Cat)
616,Kuwagata Cat,King Kuwagata Cat,,Kuwagata Cat (Special Cat)
617,Summoner Satoru,Dark Summoner Satoru,,Summoner Satoru (Uber Rare Cat)
618,Shiro Amakusa,Wargod Amakusa,Immortal Amakusa,Shiro Amakusa (Uber Rare Cat)
619,Lilin,Lilin π,Divine Lilin π,Lilin (Uber Rare Cat)
620,Hevijak the Wicked,Wicked King Hevijak,,Hevijak the Wicked (Uber Rare Cat)
621,Aku Researcher,Evil Aku Researcher,,Aku Researcher (Rare Cat)
622,Jagando Jr.,Lord of Ruin Jagando Jr.,,Jagando Jr. (Special Cat)
623,Pied Piper Cat,Komuso Cat,,Pied Piper Cat (Rare Cat)
624,Kunio-kun,Dodgeball Kunio-kun,,Kunio-kun (Uber Rare Cat)
625,Furiluga,Furilan Pasalan,,Furiluga (Uber Rare Cat)
626,Cat Giraffe Modoki,Suruma Cat Giraffe Modoki,,Cat Giraffe Modoki (Special Cat)
627,Catnip Tricky,Tenma Catnip Tricky,,Catnip Tricky (Special Cat)
628,Catnip Dragon,Famous Catnip Dragon,,Catnip Dragon (Special Cat)
629,Brainwashed Cat,Brainwashed Macho Cat,,Brainwashed Cat (Super Rare Cat)
630,Calligraphy Cat,Tea Master Cat,,Calligraphy Cat (Rare Cat)
631,Yamii,Yaminoir,,Yamii (Uber Rare Cat)
632,Mighty Deth-Troy-R,Siege Walker Diabolosa,Obliterator Diabolosa,Mighty Deth-Troy-R (Uber Rare Cat)
633,Shitakiri Sparrow,Chunchun Haunters,,Shitakiri Sparrow (Uber Rare Cat)
634,White Knight Cyclops,Black Knight Kyklops,,White Knight Cyclops (Uber Rare Cat)
635,1 Million Dollar Cat,100 Million Dollar Cat,,1 Million Dollar Cat (Special Cat)
636,Brainwashed Tank Cat,Brainwashed Wall Cat,,Brainwashed Tank Cat (Super Rare Cat)
637,Xiaoqiong & Cat,Xiaoqiong & Cat CC,,Xiaoqiong & Cat (Special Cat)
638,Nana & Cat,Nana & Cat CC,,Nana & Cat (Rare Cat)
639,Emilia & Cat,Emilia & Cat CC,,Emilia & Cat (Rare Cat)
640,Ann & Cat,Ann & Cat CC,,Ann & Cat (Special Cat)
641,Iz the Dancer,Iz the Alluring Dancer,,Iz the Dancer (Uber Rare Cat)
642,Lucifer the Fallen,Grand Lucifer,Almighty Lucifer,Lucifer the Fallen (Uber Rare Cat)
643,Superfeline,Superfeline II,,Superfeline (Normal Cat)
644,Sweet Love Mekako,Bittersweet Mekako,,Sweet Love Mekako (Uber Rare Cat)
645,Brainwashed Axe Cat,Brainwashed Brave Cat,,Brainwashed Axe Cat (Super Rare Cat)
646,Firecracker Cat,Firecracker Macho Cat,,Firecracker Cat (Special Cat)
647,Huntress Terun,Huntress Terun ζ,,Huntress Terun (Uber Rare Cat)
648,Lovestruck Lesser Demon,Lovestruck Greater Demon,,Lovestruck Lesser Demon (Uber Rare Cat)
649,Hattori Hanzo,Wargod Hanzo,,Hattori Hanzo (Uber Rare Cat)
650,Secret Crush Cat,Girlfriend Cat,,Secret Crush Cat (Special Cat)
651,Tomboy Lion Cat,Iron-Masked Lion Cat,,Tomboy Lion Cat (Special Cat)
652,Chalkboard Eraser Cat,Chalkboard Punk Cat,,Chalkboard Eraser Cat (Special Cat)
653,Elder Beast Naala,Storm Beast Naala,,Elder Beast Naala (Special Cat)
654,Brainwashed Gross Cat,Brainwashed Sexy Legs Cat,,Brainwashed Gross Cat (Super Rare Cat)
655,Bliza,Blizana,,Bliza (Uber Rare Cat)
656,Ancient Egg N001,Mystic Egg N001,Haniwa Cat,Ancient Egg N001 (Special Cat)
657,Iz the Dancer of Grief,Iz the Lady of Mourning,,Iz the Dancer of Grief (Uber Rare Cat)
658,Ancient Egg: N101,Cinnabar Egg: N101,Courier Cat,Ancient Egg: N101 (Rare Cat)
659,Ancient Egg: N102,Teal Egg: N102,Catarzan,Ancient Egg: N102 (Rare Cat)
660,Sea Serpent Daliasan,Sea King Daliasan,,Sea Serpent Daliasan (Uber Rare Cat)
661,Chronos the Bride,Wedding Chronos,,Chronos the Bride (Uber Rare Cat)
662,Brainwashed Cow Cat,Brainwashed Giraffe Cat,,Brainwashed Cow Cat (Super Rare Cat)
663,Ancient Egg: N103,Black Egg: N103,Gas Mask Cat,Ancient Egg: N103 (Rare Cat)
664,Ancient Egg: N104,Green Egg: N104,Surgeon Cat,Ancient Egg: N104 (Rare Cat)
665,Ancient Egg: N201,Dark Egg: N201,Exorcist Cat,Ancient Egg: N201 (Special Cat)
666,Night Beach Lilin,Night Beach Lilinπ,,Night Beach Lilin (Uber Rare Cat)
667,Brainwashed Bird Cat,Brainwashed UFO Cat,,Brainwashed Bird Cat (Super Rare Cat)
668,Cat Tengu,Grand Yokai Tengu,,Cat Tengu (Uber Rare Cat)
669,Ancient Egg: N003,Evil Egg: N003,Cat Cactus,Ancient Egg: N003 (Special Cat)
670,Ancient Egg: N202,Cinnabar Egg: N202,Armored Firefly Cat,Ancient Egg: N202 (Special Cat)
671,Ranma Saotome (Leotard),Ranma Saotome (Cheer),,Ranma Saotome (Leotard) (Uber Rare Cat)
672,Genma Saotome (Panda),Genma Saotome,,Genma Saotome (Panda) (Super Rare Cat)
673,Cheetah Cat,,,Cheetah Cat (Uber Rare Cat)
674,Mighty Carrowsell,Extraterrestrial Envanz,,Mighty Carrowsell (Uber Rare Cat)
675,Ancient Egg: N105,Teal Egg: N105,Racquet Cat,Ancient Egg: N105 (Rare Cat)
676,Ancient Egg: N106,Amber Egg: N106,Mushroom Cat,Ancient Egg: N106 (Rare Cat)
677,Osamu Mikumo & Cat,Osamu Mikumo & Cat CC,,Osamu Mikumo & Cat (Rare Cat)
678,Yuma Kuga & Cat,Yūma Kuga & Cat CC,,Yuma Kuga & Cat (Rare Cat)
679,Chika Amatori & Cat,Chika Amatori & Cat CC,,Chika Amatori & Cat (Special Cat)
680,Sakura,Sakura CC,,Sakura (Uber Rare Cat)
681,Luke,Luke CC,,Luke (Uber Rare Cat)
682,Spectral Goth Vega,Illusory Guardian Vega,,Spectral Goth Vega (Uber Rare Cat)
683,Count Yukimura,Nosferatu Yukimura,,Count Yukimura (Uber Rare Cat)
684,Brainwashed Fish Cat,Brainwashed Whale Cat,,Brainwashed Fish Cat (Super Rare Cat)
685,Ancient Egg: N004,Mystic Egg: N004,Supercar Cat,Ancient Egg: N004 (Special Cat)
686,686-1,686-2,,686-1 (Uber Rare Cat)
687,687-1,687-2,,687-1 (Uber Rare Cat)
688,Brainwashed Lizard Cat,Brainwashed Dragon Cat,,Brainwashed Lizard Cat (Super Rare Cat)
689,689-1,689-2,,689-1 (Special Cat)
NA,NA,,,NA