-1,	//(сЂФсѓЃсѓЊсЂЊуа▓?сђђжќбС┐ѓ)ALLсѓ╗сЃЃсЃѕ(УЃйтіЏ)
-1,	//1сѓ╗сЃЃсЃѕ(УЃйтіЏ)
-1,	//2сѓ╗сЃЃсЃѕ(УЃйтіЏ)
-1,	//3сѓ╗сЃЃсЃѕ(УЃйтіЏ)
-1,	//4сѓ╗сЃЃсЃѕ(УЃйтіЏ)
-1,	//5сѓ╗сЃЃсЃѕ(УЃйтіЏ)
-1,	//6сѓ╗сЃЃсЃѕ(УЃйтіЏ)
-1,	//7сѓ╗сЃЃсЃѕ(УЃйтіЏ)
-1,	//8сѓ╗сЃЃсЃѕ(УЃйтіЏ)
-1,	//9сѓ╗сЃЃсЃѕ(УЃйтіЏ)
-1,	//10сѓ╗сЃЃсЃѕ(УЃйтіЏ)
-1,	//11сѓ╗сЃЃсЃѕ(УЃйтіЏ)
-1,	//12сѓ╗сЃЃсЃѕ(УЃйтіЏ)
-1,	//13сѓ╗сЃЃсЃѕ(УЃйтіЏ)
-1,	//14сѓ╗сЃЃсЃѕ(УЃйтіЏ)
-1,	//15сѓ╗сЃЃсЃѕ(УЃйтіЏ)
-1,	//16сѓ╗сЃЃсЃѕ(УЃйтіЏ)
-1,	//17сѓ╗сЃЃсЃѕ(УЃйтіЏ)
-1,	//18сѓ╗сЃЃсЃѕ(УЃйтіЏ)
-1,	//19сѓ╗сЃЃсЃѕ(УЃйтіЏ)
-1,	//20сѓ╗сЃЃсЃѕ(УЃйтіЏ)
-1,	//21сѓ╗сЃЃсЃѕ(УЃйтіЏ)
-1,	//22сѓ╗сЃЃсЃѕ(УЃйтіЏ)
-1,	//23сѓ╗сЃЃсЃѕ(УЃйтіЏ)
-1,	//24сѓ╗сЃЃсЃѕ(УЃйтіЏ)
-1,	//25сѓ╗сЃЃсЃѕ(УЃйтіЏ)
-1,	//26сѓ╗сЃЃсЃѕ(УЃйтіЏ)
-1,	//27сѓ╗сЃЃсЃѕ(УЃйтіЏ)
-1,	//28сѓ╗сЃЃсЃѕ(УЃйтіЏ)
-1,	//29сѓ╗сЃЃсЃѕ(УЃйтіЏ)
-1,	//30сѓ╗сЃЃсЃѕ(УЃйтіЏ)
-1,	//31сѓ╗сЃЃсЃѕ(УЃйтіЏ)
-1,	//32сѓ╗сЃЃсЃѕ(УЃйтіЏ)
-1,	//33сѓ╗сЃЃсЃѕ(УЃйтіЏ)
-1,	//34сѓ╗сЃЃсЃѕ(УЃйтіЏ)
-1,	//35сѓ╗сЃЃсЃѕ(УЃйтіЏ)
-1,	//36сѓ╗сЃЃсЃѕ(УЃйтіЏ)
-1,	//37сѓ╗сЃЃсЃѕ(УЃйтіЏ)
-1,	//38сѓ╗сЃЃсЃѕ(УЃйтіЏ)
-1,	//39сѓ╗сЃЃсЃѕ(УЃйтіЏ)
-1,	//40сѓ╗сЃЃсЃѕ(УЃйтіЏ)
-1,	//41сѓ╗сЃЃсЃѕ(УЃйтіЏ)
-1,	//42сѓ╗сЃЃсЃѕ(УЃйтіЏ)
-1,	//43сѓ╗сЃЃсЃѕ(УЃйтіЏ)
-1,	//44сѓ╗сЃЃсЃѕ(УЃйтіЏ)
-1,	//45сѓ╗сЃЃсЃѕ(УЃйтіЏ)
-1,	//46сѓ╗сЃЃсЃѕ(УЃйтіЏ)
-1,	//47сѓ╗сЃЃсЃѕ(УЃйтіЏ)
-1,	//48сѓ╗сЃЃсЃѕ(УЃйтіЏ)
-1,	//49сѓ╗сЃЃсЃѕ(УЃйтіЏ)
-1,	//50сѓ╗сЃЃсЃѕ(УЃйтіЏ)
-1,	//51сѓ╗сЃЃсЃѕ(УЃйтіЏ)
-1,	//52сѓ╗сЃЃсЃѕ(УЃйтіЏ)
-1,	//53сѓ╗сЃЃсЃѕ(УЃйтіЏ)
-1,	//54сѓ╗сЃЃсЃѕ(УЃйтіЏ)
-1,	//55сѓ╗сЃЃсЃѕ(УЃйтіЏ)
-1,	//56сѓ╗сЃЃсЃѕ(УЃйтіЏ)
-1,	//57сѓ╗сЃЃсЃѕ(УЃйтіЏ)
-1,	//58сѓ╗сЃЃсЃѕ(УЃйтіЏ)
-1,	//59сѓ╗сЃЃсЃѕ(УЃйтіЏ)
-1,	//60сѓ╗сЃЃсЃѕ(УЃйтіЏ)
-1,	//61сѓ╗сЃЃсЃѕ(УЃйтіЏ)
-1,	//62сѓ╗сЃЃсЃѕ(УЃйтіЏ)
-1,	//63сѓ╗сЃЃсЃѕ(УЃйтіЏ)
-1,	//64сѓ╗сЃЃсЃѕ(УЃйтіЏ)
-1,	//65сѓ╗сЃЃсЃѕ(УЃйтіЏ)
-1,	//66сѓ╗сЃЃсЃѕ(УЃйтіЏ)
-1,	//67сѓ╗сЃЃсЃѕ(УЃйтіЏ)
-1,	//68сѓ╗сЃЃсЃѕ(УЃйтіЏ)
-1,	//69сѓ╗сЃЃсЃѕ(УЃйтіЏ)
-1,	//70сѓ╗сЃЃсЃѕ(УЃйтіЏ)
-1,	//71сѓ╗сЃЃсЃѕ(УЃйтіЏ)
-1,	//72сѓ╗сЃЃсЃѕ(УЃйтіЏ)
-1,	//73сѓ╗сЃЃсЃѕ(УЃйтіЏ)
-1,	//74сѓ╗сЃЃсЃѕ(УЃйтіЏ)
-1,	//75сѓ╗сЃЃсЃѕ(УЃйтіЏ)
-1,	//76сѓ╗сЃЃсЃѕ(УЃйтіЏ)
-1,	//77сѓ╗сЃЃсЃѕ(УЃйтіЏ)
-1,	//78сѓ╗сЃЃсЃѕ(УЃйтіЏ)
-1,	//79сѓ╗сЃЃсЃѕ(УЃйтіЏ)
-1,	//80сѓ╗сЃЃсЃѕ(УЃйтіЏ)
-1,	//81сѓ╗сЃЃсЃѕ(УЃйтіЏ)
-1,	//82сѓ╗сЃЃсЃѕ(УЃйтіЏ)
-1,	//83сѓ╗сЃЃсЃѕ(УЃйтіЏ)
-1,	//84сѓ╗сЃЃсЃѕ(УЃйтіЏ)
-1,	//85сѓ╗сЃЃсЃѕ(УЃйтіЏ)
-1,	//86сѓ╗сЃЃсЃѕ(УЃйтіЏ)
-1,	//87сѓ╗сЃЃсЃѕ(УЃйтіЏ)
-1,	//88сѓ╗сЃЃсЃѕ(УЃйтіЏ)
-1,	//89сѓ╗сЃЃсЃѕ(УЃйтіЏ)
-1,	//90сѓ╗сЃЃсЃѕ(УЃйтіЏ)
-1,	//91сѓ╗сЃЃсЃѕ(УЃйтіЏ)
-1,	//92сѓ╗сЃЃсЃѕ(УЃйтіЏ)
-1,	//93сѓ╗сЃЃсЃѕ(УЃйтіЏ)
-1,	//94сѓ╗сЃЃсЃѕ(УЃйтіЏ)
-1,	//95сѓ╗сЃЃсЃѕ(УЃйтіЏ)
-1,	//96сѓ╗сЃЃсЃѕ(УЃйтіЏ)
-1,	//97сѓ╗сЃЃсЃѕ(УЃйтіЏ)
-1,	//98сѓ╗сЃЃсЃѕ(УЃйтіЏ)
-1,	//99сѓ╗сЃЃсЃѕ(УЃйтіЏ)
-1,	//100сѓ╗сЃЃсЃѕ(УЃйтіЏ)
-1,	//101сѓ╗сЃЃсЃѕ№╝ѕУЃйтіЏ№╝Ѕ
-1,	//102сѓ╗сЃЃсЃѕ№╝ѕУЃйтіЏ№╝Ѕ
-1,	//103сѓ╗сЃЃсЃѕ№╝ѕУЃйтіЏ№╝Ѕ
-1,	//104сѓ╗сЃЃсЃѕ№╝ѕУЃйтіЏ№╝Ѕ
-1,	//105сѓ╗сЃЃсЃѕ№╝ѕУЃйтіЏ№╝Ѕ
-1,	//106сѓ╗сЃЃсЃѕ№╝ѕУЃйтіЏ№╝Ѕ
-1,	//107сѓ╗сЃЃсЃѕ№╝ѕУЃйтіЏ№╝Ѕ
-1,	//108сѓ╗сЃЃсЃѕ№╝ѕУЃйтіЏ№╝Ѕ
-1,	//109сѓ╗сЃЃсЃѕ№╝ѕУЃйтіЏ№╝Ѕ
-1,	//110сѓ╗сЃЃсЃѕ№╝ѕУЃйтіЏ№╝Ѕ
-1,	//111сѓ╗сЃЃсЃѕ№╝ѕУЃйтіЏ№╝Ѕ
-1,	//112сѓ╗сЃЃсЃѕ№╝ѕУЃйтіЏ№╝Ѕ
-1,	//113сѓ╗сЃЃсЃѕ№╝ѕУЃйтіЏ№╝Ѕ
-1,	//114сѓ╗сЃЃсЃѕ№╝ѕУЃйтіЏ№╝Ѕ
-1,	//115сѓ╗сЃЃсЃѕ№╝ѕУЃйтіЏ№╝Ѕ
-1,	//116сѓ╗сЃЃсЃѕ№╝ѕУЃйтіЏ№╝Ѕ
-1,	//117сѓ╗сЃЃсЃѕ№╝ѕУЃйтіЏ№╝Ѕ
-1,	//118сѓ╗сЃЃсЃѕ№╝ѕУЃйтіЏ№╝Ѕ
-1,	//119сѓ╗сЃЃсЃѕ№╝ѕУЃйтіЏ№╝Ѕ
-1,	//120сѓ╗сЃЃсЃѕ№╝ѕУЃйтіЏ№╝Ѕ
-1,	//121сѓ╗сЃЃсЃѕ№╝ѕУЃйтіЏ№╝Ѕ
-1,	//122сѓ╗сЃЃсЃѕ№╝ѕУЃйтіЏ№╝Ѕ
-1,	//123сѓ╗сЃЃсЃѕ№╝ѕУЃйтіЏ№╝Ѕ
-1,	//124сѓ╗сЃЃсЃѕ№╝ѕУЃйтіЏ№╝Ѕ
-1,	//125сѓ╗сЃЃсЃѕ№╝ѕУЃйтіЏ№╝Ѕ
-1,	//126сѓ╗сЃЃсЃѕ№╝ѕУЃйтіЏ№╝Ѕ
-1,	//127сѓ╗сЃЃсЃѕ№╝ѕУЃйтіЏ№╝Ѕ
-1,	//128сѓ╗сЃЃсЃѕ№╝ѕУЃйтіЏ№╝Ѕ
-1,	//129сѓ╗сЃЃсЃѕ№╝ѕУЃйтіЏ№╝Ѕ
-1,	//130сѓ╗сЃЃсЃѕ№╝ѕУЃйтіЏ№╝Ѕ
-1,	//131сѓ╗сЃЃсЃѕ№╝ѕУЃйтіЏ№╝Ѕ
-1,	//132сѓ╗сЃЃсЃѕ№╝ѕУЃйтіЏ№╝Ѕ
-1,	//133сѓ╗сЃЃсЃѕ№╝ѕУЃйтіЏ№╝Ѕ
-1,	//134сѓ╗сЃЃсЃѕ№╝ѕУЃйтіЏ№╝Ѕ
-1,	//135сѓ╗сЃЃсЃѕ№╝ѕУЃйтіЏ№╝Ѕ
-1,	//136сѓ╗сЃЃсЃѕ№╝ѕУЃйтіЏ№╝Ѕ
-1,	//137сѓ╗сЃЃсЃѕ№╝ѕУЃйтіЏ№╝Ѕ
-1,	//138сѓ╗сЃЃсЃѕ№╝ѕУЃйтіЏ№╝Ѕ
-1,	//139сѓ╗сЃЃсЃѕ№╝ѕУЃйтіЏ№╝Ѕ
-1,	//140сѓ╗сЃЃсЃѕ№╝ѕУЃйтіЏ№╝Ѕ
-1,	//141сѓ╗сЃЃсЃѕ№╝ѕУЃйтіЏ№╝Ѕ
-1,	//142сѓ╗сЃЃсЃѕ№╝ѕУЃйтіЏ№╝Ѕ
-1,	//143сѓ╗сЃЃсЃѕ№╝ѕУЃйтіЏ№╝Ѕ
-1,	//144сѓ╗сЃЃсЃѕ№╝ѕУЃйтіЏ№╝Ѕ
-1,	//145сѓ╗сЃЃсЃѕ№╝ѕУЃйтіЏ№╝Ѕ
-1,	//146сѓ╗сЃЃсЃѕ№╝ѕУЃйтіЏ№╝Ѕ
-1,	//147сѓ╗сЃЃсЃѕ№╝ѕУЃйтіЏ№╝Ѕ
-1,	//148сѓ╗сЃЃсЃѕ№╝ѕУЃйтіЏ№╝Ѕ
-1,	//149сѓ╗сЃЃсЃѕ№╝ѕУЃйтіЏ№╝Ѕ
-1,	//150сѓ╗сЃЃсЃѕ№╝ѕУЃйтіЏ№╝Ѕ
-1,	//151сѓ╗сЃЃсЃѕ№╝ѕУЃйтіЏ№╝Ѕ
-1,	//152сѓ╗сЃЃсЃѕ№╝ѕУЃйтіЏ№╝Ѕ
-1,	//153сѓ╗сЃЃсЃѕ№╝ѕУЃйтіЏ№╝Ѕ
-1,	//154сѓ╗сЃЃсЃѕ№╝ѕУЃйтіЏ№╝Ѕ
-1,	//155сѓ╗сЃЃсЃѕ№╝ѕУЃйтіЏ№╝Ѕ
-1,	//156сѓ╗сЃЃсЃѕ№╝ѕУЃйтіЏ№╝Ѕ
-1,	//157сѓ╗сЃЃсЃѕ№╝ѕУЃйтіЏ№╝Ѕ
-1,	//158сѓ╗сЃЃсЃѕ№╝ѕУЃйтіЏ№╝Ѕ
-1,	//159сѓ╗сЃЃсЃѕ№╝ѕУЃйтіЏ№╝Ѕ
-1,	//160сѓ╗сЃЃсЃѕ№╝ѕУЃйтіЏ№╝Ѕ
-1,	//161сѓ╗сЃЃсЃѕ№╝ѕУЃйтіЏ№╝Ѕ
-1,	//162сѓ╗сЃЃсЃѕ№╝ѕУЃйтіЏ№╝Ѕ
-1,	//163сѓ╗сЃЃсЃѕ№╝ѕУЃйтіЏ№╝Ѕ
-1,	//164сѓ╗сЃЃсЃѕ№╝ѕУЃйтіЏ№╝Ѕ
-1,	//165сѓ╗сЃЃсЃѕ№╝ѕУЃйтіЏ№╝Ѕ
-1,	//166сѓ╗сЃЃсЃѕ№╝ѕУЃйтіЏ№╝Ѕ
-1,	//167сѓ╗сЃЃсЃѕ№╝ѕУЃйтіЏ№╝Ѕ
-1,	//168сѓ╗сЃЃсЃѕ№╝ѕУЃйтіЏ№╝Ѕ
-1,	//169сѓ╗сЃЃсЃѕ№╝ѕУЃйтіЏ№╝Ѕ
-1,	//170сѓ╗сЃЃсЃѕ№╝ѕУЃйтіЏ№╝Ѕ
-1,	//171сѓ╗сЃЃсЃѕ№╝ѕУЃйтіЏ№╝Ѕ
-1,	//172сѓ╗сЃЃсЃѕ№╝ѕУЃйтіЏ№╝Ѕ
-1,	//173сѓ╗сЃЃсЃѕ№╝ѕУЃйтіЏ№╝Ѕ
-1,	//174сѓ╗сЃЃсЃѕ№╝ѕУЃйтіЏ№╝Ѕ
-1,	//175сѓ╗сЃЃсЃѕ№╝ѕУЃйтіЏ№╝Ѕ
-1,	//176сѓ╗сЃЃсЃѕ№╝ѕУЃйтіЏ№╝Ѕ
-1,	//177сѓ╗сЃЃсЃѕ№╝ѕУЃйтіЏ№╝Ѕ
-1,	//178сѓ╗сЃЃсЃѕ№╝ѕУЃйтіЏ№╝Ѕ
-1,	//179сѓ╗сЃЃсЃѕ№╝ѕУЃйтіЏ№╝Ѕ
-1,	//180сѓ╗сЃЃсЃѕ№╝ѕУЃйтіЏ№╝Ѕ
-1,	//181сѓ╗сЃЃсЃѕ№╝ѕУЃйтіЏ№╝Ѕ
-1,	//182сѓ╗сЃЃсЃѕ№╝ѕУЃйтіЏ№╝Ѕ
-1,	//183сѓ╗сЃЃсЃѕ№╝ѕУЃйтіЏ№╝Ѕ
-1,	//184сѓ╗сЃЃсЃѕ№╝ѕУЃйтіЏ№╝Ѕ
-1,	//185сѓ╗сЃЃсЃѕ№╝ѕУЃйтіЏ№╝Ѕ
-1,	//186сѓ╗сЃЃсЃѕ№╝ѕУЃйтіЏ№╝Ѕ
-1,	//187сѓ╗сЃЃсЃѕ№╝ѕУЃйтіЏ№╝Ѕ
-1,	//188сѓ╗сЃЃсЃѕ№╝ѕУЃйтіЏ№╝Ѕ
-1,	//189сѓ╗сЃЃсЃѕ№╝ѕУЃйтіЏ№╝Ѕ
-1,	//190сѓ╗сЃЃсЃѕ№╝ѕУЃйтіЏ№╝Ѕ
-1,	//191сѓ╗сЃЃсЃѕ№╝ѕУЃйтіЏ№╝Ѕ
-1,	//192сѓ╗сЃЃсЃѕ№╝ѕУЃйтіЏ№╝Ѕ
-1,	//193сѓ╗сЃЃсЃѕ№╝ѕУЃйтіЏ№╝Ѕ
-1,	//194сѓ╗сЃЃсЃѕ№╝ѕУЃйтіЏ№╝Ѕ
-1,	//195сѓ╗сЃЃсЃѕ№╝ѕУЃйтіЏ№╝Ѕ
-1,	//196сѓ╗сЃЃсЃѕ№╝ѕУЃйтіЏ№╝Ѕ
-1,	//197сѓ╗сЃЃсЃѕ№╝ѕУЃйтіЏ№╝Ѕ
-1,	//198сѓ╗сЃЃсЃѕ№╝ѕУЃйтіЏ№╝Ѕ
-1,	//199сѓ╗сЃЃсЃѕ№╝ѕУЃйтіЏ№╝Ѕ
-1,	//200сѓ╗сЃЃсЃѕ№╝ѕУЃйтіЏ№╝Ѕ
-1,	//201сѓ╗сЃЃсЃѕ№╝ѕУЃйтіЏ№╝Ѕ
-1,	//202сѓ╗сЃЃсЃѕ№╝ѕУЃйтіЏ№╝Ѕ
-1,	//203сѓ╗сЃЃсЃѕ№╝ѕУЃйтіЏ№╝Ѕ
-1,	//204сѓ╗сЃЃсЃѕ№╝ѕУЃйтіЏ№╝Ѕ
-1,	//205сѓ╗сЃЃсЃѕ№╝ѕУЃйтіЏ№╝Ѕ
-1,	//206сѓ╗сЃЃсЃѕ№╝ѕУЃйтіЏ№╝Ѕ
-1,	//207сѓ╗сЃЃсЃѕ№╝ѕУЃйтіЏ№╝Ѕ
-1,	//208сѓ╗сЃЃсЃѕ№╝ѕУЃйтіЏ№╝Ѕ
-1,	//209сѓ╗сЃЃсЃѕ№╝ѕУЃйтіЏ№╝Ѕ
-1,	//210сѓ╗сЃЃсЃѕ№╝ѕУЃйтіЏ№╝Ѕ
-1,	//211сѓ╗сЃЃсЃѕ№╝ѕУЃйтіЏ№╝Ѕ
-1,	//212сѓ╗сЃЃсЃѕ№╝ѕУЃйтіЏ№╝Ѕ
-1,	//213сѓ╗сЃЃсЃѕ№╝ѕУЃйтіЏ№╝Ѕ
-1,	//214сѓ╗сЃЃсЃѕ№╝ѕУЃйтіЏ№╝Ѕ
-1,	//215сѓ╗сЃЃсЃѕ№╝ѕУЃйтіЏ№╝Ѕ
-1,	//216сѓ╗сЃЃсЃѕ№╝ѕУЃйтіЏ№╝Ѕ
-1,	//217сѓ╗сЃЃсЃѕ№╝ѕУЃйтіЏ№╝Ѕ
-1,	//218сѓ╗сЃЃсЃѕ№╝ѕУЃйтіЏ№╝Ѕ
-1,	//219сѓ╗сЃЃсЃѕ№╝ѕУЃйтіЏ№╝Ѕ
-1,	//220сѓ╗сЃЃсЃѕ№╝ѕУЃйтіЏ№╝Ѕ
-1,	//221сѓ╗сЃЃсЃѕ№╝ѕУЃйтіЏ№╝Ѕ
-1,	//222сѓ╗сЃЃсЃѕ№╝ѕУЃйтіЏ№╝Ѕ
-1,	//223сѓ╗сЃЃсЃѕ№╝ѕУЃйтіЏ№╝Ѕ
-1,	//224сѓ╗сЃЃсЃѕ№╝ѕУЃйтіЏ№╝Ѕ
-1,	//225сѓ╗сЃЃсЃѕ№╝ѕУЃйтіЏ№╝Ѕ
-1,	//226сѓ╗сЃЃсЃѕ№╝ѕУЃйтіЏ№╝Ѕ
-1,	//227сѓ╗сЃЃсЃѕ№╝ѕУЃйтіЏ№╝Ѕ
-1,	//228сѓ╗сЃЃсЃѕ№╝ѕУЃйтіЏ№╝Ѕ
-1,	//229сѓ╗сЃЃсЃѕ№╝ѕУЃйтіЏ№╝Ѕ
-1,	//230сѓ╗сЃЃсЃѕ№╝ѕУЃйтіЏ№╝Ѕ
-1,	//231сѓ╗сЃЃсЃѕ№╝ѕУЃйтіЏ№╝Ѕ
-1,	//232сѓ╗сЃЃсЃѕ№╝ѕУЃйтіЏ№╝Ѕ
-1,	//233сѓ╗сЃЃсЃѕ№╝ѕУЃйтіЏ№╝Ѕ
-1,	//234сѓ╗сЃЃсЃѕ№╝ѕУЃйтіЏ№╝Ѕ
-1,	//235сѓ╗сЃЃсЃѕ№╝ѕУЃйтіЏ№╝Ѕ
-1,	//236сѓ╗сЃЃсЃѕ№╝ѕУЃйтіЏ№╝Ѕ
-1,	//237сѓ╗сЃЃсЃѕ№╝ѕУЃйтіЏ№╝Ѕ
-1,	//238сѓ╗сЃЃсЃѕ№╝ѕУЃйтіЏ№╝Ѕ
-1,	//239сѓ╗сЃЃсЃѕ№╝ѕУЃйтіЏ№╝Ѕ
-1,	//240сѓ╗сЃЃсЃѕ№╝ѕУЃйтіЏ№╝Ѕ
-1,	//241сѓ╗сЃЃсЃѕ№╝ѕУЃйтіЏ№╝Ѕ
-1,	//242сѓ╗сЃЃсЃѕ№╝ѕУЃйтіЏ№╝Ѕ
-1,	//243сѓ╗сЃЃсЃѕ№╝ѕУЃйтіЏ№╝Ѕ
-1,	//244сѓ╗сЃЃсЃѕ№╝ѕУЃйтіЏ№╝Ѕ
-1,	//245сѓ╗сЃЃсЃѕ№╝ѕУЃйтіЏ№╝Ѕ
-1,	//246сѓ╗сЃЃсЃѕ№╝ѕУЃйтіЏ№╝Ѕ
-1,	//247сѓ╗сЃЃсЃѕ№╝ѕУЃйтіЏ№╝Ѕ
-1,	//248сѓ╗сЃЃсЃѕ№╝ѕУЃйтіЏ№╝Ѕ
-1,	//249сѓ╗сЃЃсЃѕ№╝ѕУЃйтіЏ№╝Ѕ
-1,	//250сѓ╗сЃЃсЃѕ№╝ѕУЃйтіЏ№╝Ѕ
-1,	//251сѓ╗сЃЃсЃѕ№╝ѕУЃйтіЏ№╝Ѕ
-1,	//252сѓ╗сЃЃсЃѕ№╝ѕУЃйтіЏ№╝Ѕ
-1,	//253сѓ╗сЃЃсЃѕ№╝ѕУЃйтіЏ№╝Ѕ
-1,	//254сѓ╗сЃЃсЃѕ№╝ѕУЃйтіЏ№╝Ѕ
-1,	//255сѓ╗сЃЃсЃѕ№╝ѕУЃйтіЏ№╝Ѕ
-1,	//256сѓ╗сЃЃсЃѕ№╝ѕУЃйтіЏ№╝Ѕ
-1,	//257сѓ╗сЃЃсЃѕ№╝ѕУЃйтіЏ№╝Ѕ
-1,	//258сѓ╗сЃЃсЃѕ№╝ѕУЃйтіЏ№╝Ѕ
-1,	//259сѓ╗сЃЃсЃѕ№╝ѕУЃйтіЏ№╝Ѕ
-1,	//260сѓ╗сЃЃсЃѕ№╝ѕУЃйтіЏ№╝Ѕ
-1,	//261сѓ╗сЃЃсЃѕ№╝ѕУЃйтіЏ№╝Ѕ
-1,	//262сѓ╗сЃЃсЃѕ№╝ѕУЃйтіЏ№╝Ѕ
-1,	//263сѓ╗сЃЃсЃѕ№╝ѕУЃйтіЏ№╝Ѕ
-1,	//264сѓ╗сЃЃсЃѕ№╝ѕУЃйтіЏ№╝Ѕ
-1,	//265сѓ╗сЃЃсЃѕ№╝ѕУЃйтіЏ№╝Ѕ
-1,	//266сѓ╗сЃЃсЃѕ№╝ѕУЃйтіЏ№╝Ѕ
-1,	//267сѓ╗сЃЃсЃѕ№╝ѕУЃйтіЏ№╝Ѕ
-1,	//268сѓ╗сЃЃсЃѕ№╝ѕУЃйтіЏ№╝Ѕ
-1,	//269сѓ╗сЃЃсЃѕ№╝ѕУЃйтіЏ№╝Ѕ
-1,	//270сѓ╗сЃЃсЃѕ№╝ѕУЃйтіЏ№╝Ѕ
-1,	//271сѓ╗сЃЃсЃѕ№╝ѕУЃйтіЏ№╝Ѕ
-1,	//272сѓ╗сЃЃсЃѕ№╝ѕУЃйтіЏ№╝Ѕ
-1,	//273сѓ╗сЃЃсЃѕ№╝ѕУЃйтіЏ№╝Ѕ
-1,	//274сѓ╗сЃЃсЃѕ№╝ѕУЃйтіЏ№╝Ѕ
-1,	//275сѓ╗сЃЃсЃѕ№╝ѕУЃйтіЏ№╝Ѕ
-1,	//276сѓ╗сЃЃсЃѕ№╝ѕУЃйтіЏ№╝Ѕ
-1,	//277сѓ╗сЃЃсЃѕ№╝ѕУЃйтіЏ№╝Ѕ
-1,	//278сѓ╗сЃЃсЃѕ№╝ѕУЃйтіЏ№╝Ѕ
-1,	//279сѓ╗сЃЃсЃѕ№╝ѕУЃйтіЏ№╝Ѕ
-1,	//280сѓ╗сЃЃсЃѕ№╝ѕУЃйтіЏ№╝Ѕ
-1,	//281сѓ╗сЃЃсЃѕ№╝ѕУЃйтіЏ№╝Ѕ
-1,	//282сѓ╗сЃЃсЃѕ№╝ѕУЃйтіЏ№╝Ѕ
-1,	//283сѓ╗сЃЃсЃѕ№╝ѕУЃйтіЏ№╝Ѕ
-1,	//284сѓ╗сЃЃсЃѕ№╝ѕУЃйтіЏ№╝Ѕ
-1,	//285сѓ╗сЃЃсЃѕ№╝ѕУЃйтіЏ№╝Ѕ
-1,	//286сѓ╗сЃЃсЃѕ№╝ѕУЃйтіЏ№╝Ѕ
-1,	//287сѓ╗сЃЃсЃѕ№╝ѕУЃйтіЏ№╝Ѕ
-1,	//288сѓ╗сЃЃсЃѕ№╝ѕУЃйтіЏ№╝Ѕ
-1,	//289сѓ╗сЃЃсЃѕ№╝ѕУЃйтіЏ№╝Ѕ
-1,	//290сѓ╗сЃЃсЃѕ№╝ѕУЃйтіЏ№╝Ѕ
-1,	//291сѓ╗сЃЃсЃѕ№╝ѕУЃйтіЏ№╝Ѕ
-1,	//292сѓ╗сЃЃсЃѕ№╝ѕУЃйтіЏ№╝Ѕ
-1,	//293сѓ╗сЃЃсЃѕ№╝ѕУЃйтіЏ№╝Ѕ
-1,	//294сѓ╗сЃЃсЃѕ№╝ѕУЃйтіЏ№╝Ѕ
-1,	//295сѓ╗сЃЃсЃѕ№╝ѕУЃйтіЏ№╝Ѕ
-1,	//296сѓ╗сЃЃсЃѕ№╝ѕУЃйтіЏ№╝Ѕ
-1,	//297сѓ╗сЃЃсЃѕ№╝ѕУЃйтіЏ№╝Ѕ
-1,	//298сѓ╗сЃЃсЃѕ№╝ѕУЃйтіЏ№╝Ѕ
-1,	//299сѓ╗сЃЃсЃѕ№╝ѕУЃйтіЏ№╝Ѕ
-1,	//300сѓ╗сЃЃсЃѕ№╝ѕУЃйтіЏ№╝Ѕ
-1,	//301сѓ╗сЃЃсЃѕ№╝ѕУЃйтіЏ№╝Ѕ
-1,	//302сѓ╗сЃЃсЃѕ№╝ѕУЃйтіЏ№╝Ѕ
-1,	//303сѓ╗сЃЃсЃѕ№╝ѕУЃйтіЏ№╝Ѕ
-1,	//304сѓ╗сЃЃсЃѕ№╝ѕУЃйтіЏ№╝Ѕ
-1,	//305сѓ╗сЃЃсЃѕ№╝ѕУЃйтіЏ№╝Ѕ
-1,	//306сѓ╗сЃЃсЃѕ№╝ѕУЃйтіЏ№╝Ѕ
-1,	//307сѓ╗сЃЃсЃѕ№╝ѕУЃйтіЏ№╝Ѕ
-1,	//308сѓ╗сЃЃсЃѕ№╝ѕУЃйтіЏ№╝Ѕ
-1,	//309сѓ╗сЃЃсЃѕ№╝ѕУЃйтіЏ№╝Ѕ
-1,	//310сѓ╗сЃЃсЃѕ№╝ѕУЃйтіЏ№╝Ѕ
-1,	//311сѓ╗сЃЃсЃѕ№╝ѕУЃйтіЏ№╝Ѕ
-1,	//312сѓ╗сЃЃсЃѕ№╝ѕУЃйтіЏ№╝Ѕ
-1,	//313сѓ╗сЃЃсЃѕ№╝ѕУЃйтіЏ№╝Ѕ
-1,	//314сѓ╗сЃЃсЃѕ№╝ѕУЃйтіЏ№╝Ѕ
-1,	//315сѓ╗сЃЃсЃѕ№╝ѕУЃйтіЏ№╝Ѕ
-1,	//316сѓ╗сЃЃсЃѕ№╝ѕУЃйтіЏ№╝Ѕ
-1,	//317сѓ╗сЃЃсЃѕ№╝ѕУЃйтіЏ№╝Ѕ
-1,	//318сѓ╗сЃЃсЃѕ№╝ѕУЃйтіЏ№╝Ѕ
-1,	//319сѓ╗сЃЃсЃѕ№╝ѕУЃйтіЏ№╝Ѕ
-1,	//320сѓ╗сЃЃсЃѕ№╝ѕУЃйтіЏ№╝Ѕ
-1,	//321сѓ╗сЃЃсЃѕ№╝ѕУЃйтіЏ№╝Ѕ
-1,	//322сѓ╗сЃЃсЃѕ№╝ѕУЃйтіЏ№╝Ѕ
-1,	//323сѓ╗сЃЃсЃѕ№╝ѕУЃйтіЏ№╝Ѕ
-1,	//324сѓ╗сЃЃсЃѕ№╝ѕУЃйтіЏ№╝Ѕ
-1,	//325сѓ╗сЃЃсЃѕ№╝ѕУЃйтіЏ№╝Ѕ
-1,	//326сѓ╗сЃЃсЃѕ№╝ѕУЃйтіЏ№╝Ѕ
-1,	//327сѓ╗сЃЃсЃѕ№╝ѕУЃйтіЏ№╝Ѕ
-1,	//328сѓ╗сЃЃсЃѕ№╝ѕУЃйтіЏ№╝Ѕ
-1,	//329сѓ╗сЃЃсЃѕ№╝ѕУЃйтіЏ№╝Ѕ
-1,	//330сѓ╗сЃЃсЃѕ№╝ѕУЃйтіЏ№╝Ѕ
-1,	//331сѓ╗сЃЃсЃѕ№╝ѕУЃйтіЏ№╝Ѕ
-1,	//332сѓ╗сЃЃсЃѕ№╝ѕУЃйтіЏ№╝Ѕ
-1,	//333сѓ╗сЃЃсЃѕ№╝ѕУЃйтіЏ№╝Ѕ
-1,	//334сѓ╗сЃЃсЃѕ№╝ѕУЃйтіЏ№╝Ѕ
-1,	//335сѓ╗сЃЃсЃѕ№╝ѕУЃйтіЏ№╝Ѕ
-1,	//336сѓ╗сЃЃсЃѕ№╝ѕУЃйтіЏ№╝Ѕ
-1,	//337сѓ╗сЃЃсЃѕ№╝ѕУЃйтіЏ№╝Ѕ
-1,	//338сѓ╗сЃЃсЃѕ№╝ѕУЃйтіЏ№╝Ѕ
-1,	//339сѓ╗сЃЃсЃѕ№╝ѕУЃйтіЏ№╝Ѕ
-1,	//340сѓ╗сЃЃсЃѕ№╝ѕУЃйтіЏ№╝Ѕ
-1,	//341сѓ╗сЃЃсЃѕ№╝ѕУЃйтіЏ№╝Ѕ
-1,	//342сѓ╗сЃЃсЃѕ№╝ѕУЃйтіЏ№╝Ѕ
-1,	//343сѓ╗сЃЃсЃѕ№╝ѕУЃйтіЏ№╝Ѕ
-1,	//344сѓ╗сЃЃсЃѕ№╝ѕУЃйтіЏ№╝Ѕ
-1,	//345сѓ╗сЃЃсЃѕ№╝ѕУЃйтіЏ№╝Ѕ
-1,	//346сѓ╗сЃЃсЃѕ№╝ѕУЃйтіЏ№╝Ѕ
-1,	//347сѓ╗сЃЃсЃѕ№╝ѕУЃйтіЏ№╝Ѕ
-1,	//348сѓ╗сЃЃсЃѕ№╝ѕУЃйтіЏ№╝Ѕ
-1,	//349сѓ╗сЃЃсЃѕ№╝ѕУЃйтіЏ№╝Ѕ
-1,	//350сѓ╗сЃЃсЃѕ№╝ѕУЃйтіЏ№╝Ѕ
-1,	//351сѓ╗сЃЃсЃѕ№╝ѕУЃйтіЏ№╝Ѕ
-1,	//352сѓ╗сЃЃсЃѕ№╝ѕУЃйтіЏ№╝Ѕ
-1,	//353сѓ╗сЃЃсЃѕ№╝ѕУЃйтіЏ№╝Ѕ
-1,	//354сѓ╗сЃЃсЃѕ№╝ѕУЃйтіЏ№╝Ѕ
-1,	//355сѓ╗сЃЃсЃѕ№╝ѕУЃйтіЏ№╝Ѕ
-1,	//356сѓ╗сЃЃсЃѕ№╝ѕУЃйтіЏ№╝Ѕ
-1,	//357сѓ╗сЃЃсЃѕ№╝ѕУЃйтіЏ№╝Ѕ
-1,	//358сѓ╗сЃЃсЃѕ№╝ѕУЃйтіЏ№╝Ѕ
-1,	//359сѓ╗сЃЃсЃѕ№╝ѕУЃйтіЏ№╝Ѕ
-1,	//360сѓ╗сЃЃсЃѕ№╝ѕУЃйтіЏ№╝Ѕ
-1,	//361сѓ╗сЃЃсЃѕ№╝ѕУЃйтіЏ№╝Ѕ
-1,	//362сѓ╗сЃЃсЃѕ№╝ѕУЃйтіЏ№╝Ѕ
-1,	//363сѓ╗сЃЃсЃѕ№╝ѕУЃйтіЏ№╝Ѕ
-1,	//364сѓ╗сЃЃсЃѕ№╝ѕУЃйтіЏ№╝Ѕ
-1,	//365сѓ╗сЃЃсЃѕ№╝ѕУЃйтіЏ№╝Ѕ
-1,	//366сѓ╗сЃЃсЃѕ№╝ѕУЃйтіЏ№╝Ѕ
-1,	//367сѓ╗сЃЃсЃѕ№╝ѕУЃйтіЏ№╝Ѕ
-1,	//368сѓ╗сЃЃсЃѕ№╝ѕУЃйтіЏ№╝Ѕ
-1,	//369сѓ╗сЃЃсЃѕ№╝ѕУЃйтіЏ№╝Ѕ
-1,	//370сѓ╗сЃЃсЃѕ№╝ѕУЃйтіЏ№╝Ѕ
-1,	//371сѓ╗сЃЃсЃѕ№╝ѕУЃйтіЏ№╝Ѕ
-1,	//372сѓ╗сЃЃсЃѕ№╝ѕУЃйтіЏ№╝Ѕ
-1,	//373сѓ╗сЃЃсЃѕ№╝ѕУЃйтіЏ№╝Ѕ
-1,	//374сѓ╗сЃЃсЃѕ№╝ѕУЃйтіЏ№╝Ѕ
-1,	//375сѓ╗сЃЃсЃѕ№╝ѕУЃйтіЏ№╝Ѕ
-1,	//376сѓ╗сЃЃсЃѕ№╝ѕУЃйтіЏ№╝Ѕ
-1,	//377сѓ╗сЃЃсЃѕ№╝ѕУЃйтіЏ№╝Ѕ
-1,	//378сѓ╗сЃЃсЃѕ№╝ѕУЃйтіЏ№╝Ѕ
-1,	//379сѓ╗сЃЃсЃѕ№╝ѕУЃйтіЏ№╝Ѕ
-1,	//380сѓ╗сЃЃсЃѕ№╝ѕУЃйтіЏ№╝Ѕ
-1,	//381сѓ╗сЃЃсЃѕ№╝ѕУЃйтіЏ№╝Ѕ
-1,	//382сѓ╗сЃЃсЃѕ№╝ѕУЃйтіЏ№╝Ѕ
-1,	//383сѓ╗сЃЃсЃѕ№╝ѕУЃйтіЏ№╝Ѕ
-1,	//384сѓ╗сЃЃсЃѕ№╝ѕУЃйтіЏ№╝Ѕ
-1,	//385сѓ╗сЃЃсЃѕ№╝ѕУЃйтіЏ№╝Ѕ
-1,	//386сѓ╗сЃЃсЃѕ№╝ѕУЃйтіЏ№╝Ѕ
-1,	//387сѓ╗сЃЃсЃѕ№╝ѕУЃйтіЏ№╝Ѕ
-1,	//388сѓ╗сЃЃсЃѕ№╝ѕУЃйтіЏ№╝Ѕ
-1,	//389сѓ╗сЃЃсЃѕ№╝ѕУЃйтіЏ№╝Ѕ
-1,	//390сѓ╗сЃЃсЃѕ№╝ѕУЃйтіЏ№╝Ѕ
-1,	//391сѓ╗сЃЃсЃѕ№╝ѕУЃйтіЏ№╝Ѕ
-1,	//392сѓ╗сЃЃсЃѕ№╝ѕУЃйтіЏ№╝Ѕ
-1,	//393сѓ╗сЃЃсЃѕ№╝ѕУЃйтіЏ№╝Ѕ
-1,	//394сѓ╗сЃЃсЃѕ№╝ѕУЃйтіЏ№╝Ѕ
-1,	//395сѓ╗сЃЃсЃѕ№╝ѕУЃйтіЏ№╝Ѕ
-1,	//396сѓ╗сЃЃсЃѕ№╝ѕУЃйтіЏ№╝Ѕ
-1,	//397сѓ╗сЃЃсЃѕ№╝ѕУЃйтіЏ№╝Ѕ
-1,	//398сѓ╗сЃЃсЃѕ№╝ѕУЃйтіЏ№╝Ѕ
-1,	//399сѓ╗сЃЃсЃѕ№╝ѕУЃйтіЏ№╝Ѕ
-1,	//400сѓ╗сЃЃсЃѕ№╝ѕУЃйтіЏ№╝Ѕ
-1,	//401сѓ╗сЃЃсЃѕ№╝ѕУЃйтіЏ№╝Ѕ
-1,	//402сѓ╗сЃЃсЃѕ№╝ѕУЃйтіЏ№╝Ѕ
-1,	//403сѓ╗сЃЃсЃѕ№╝ѕУЃйтіЏ№╝Ѕ
-1,	//404сѓ╗сЃЃсЃѕ№╝ѕУЃйтіЏ№╝Ѕ
-1,	//405сѓ╗сЃЃсЃѕ№╝ѕУЃйтіЏ№╝Ѕ
-1,	//406сѓ╗сЃЃсЃѕ№╝ѕУЃйтіЏ№╝Ѕ
-1,	//407сѓ╗сЃЃсЃѕ№╝ѕУЃйтіЏ№╝Ѕ
-1,	//408сѓ╗сЃЃсЃѕ№╝ѕУЃйтіЏ№╝Ѕ
-1,	//409сѓ╗сЃЃсЃѕ№╝ѕУЃйтіЏ№╝Ѕ
-1,	//410сѓ╗сЃЃсЃѕ№╝ѕУЃйтіЏ№╝Ѕ
-1,	//411сѓ╗сЃЃсЃѕ№╝ѕУЃйтіЏ№╝Ѕ
-1,	//412сѓ╗сЃЃсЃѕ№╝ѕУЃйтіЏ№╝Ѕ
-1,	//413сѓ╗сЃЃсЃѕ№╝ѕУЃйтіЏ№╝Ѕ
-1,	//414сѓ╗сЃЃсЃѕ№╝ѕУЃйтіЏ№╝Ѕ
-1,	//415сѓ╗сЃЃсЃѕ№╝ѕУЃйтіЏ№╝Ѕ
-1,	//416сѓ╗сЃЃсЃѕ№╝ѕУЃйтіЏ№╝Ѕ
-1,	//417сѓ╗сЃЃсЃѕ№╝ѕУЃйтіЏ№╝Ѕ
-1,	//418сѓ╗сЃЃсЃѕ№╝ѕУЃйтіЏ№╝Ѕ
-1,	//419сѓ╗сЃЃсЃѕ№╝ѕУЃйтіЏ№╝Ѕ
-1,	//420сѓ╗сЃЃсЃѕ№╝ѕУЃйтіЏ№╝Ѕ
-1,	//421сѓ╗сЃЃсЃѕ№╝ѕУЃйтіЏ№╝Ѕ
-1,	//422сѓ╗сЃЃсЃѕ№╝ѕУЃйтіЏ№╝Ѕ
-1,	//423сѓ╗сЃЃсЃѕ№╝ѕУЃйтіЏ№╝Ѕ
-1,	//424сѓ╗сЃЃсЃѕ№╝ѕУЃйтіЏ№╝Ѕ
-1,	//425сѓ╗сЃЃсЃѕ№╝ѕУЃйтіЏ№╝Ѕ
-1,	//426сѓ╗сЃЃсЃѕ№╝ѕУЃйтіЏ№╝Ѕ
-1,	//427сѓ╗сЃЃсЃѕ№╝ѕУЃйтіЏ№╝Ѕ
-1,	//428сѓ╗сЃЃсЃѕ№╝ѕУЃйтіЏ№╝Ѕ
-1,	//429сѓ╗сЃЃсЃѕ№╝ѕУЃйтіЏ№╝Ѕ
-1,	//430сѓ╗сЃЃсЃѕ№╝ѕУЃйтіЏ№╝Ѕ
-1,	//431сѓ╗сЃЃсЃѕ№╝ѕУЃйтіЏ№╝Ѕ
-1,	//432сѓ╗сЃЃсЃѕ№╝ѕУЃйтіЏ№╝Ѕ
-1,	//433сѓ╗сЃЃсЃѕ№╝ѕУЃйтіЏ№╝Ѕ
-1,	//434сѓ╗сЃЃсЃѕ№╝ѕУЃйтіЏ№╝Ѕ
-1,	//435сѓ╗сЃЃсЃѕ№╝ѕУЃйтіЏ№╝Ѕ
-1,	//436сѓ╗сЃЃсЃѕ№╝ѕУЃйтіЏ№╝Ѕ
-1,	//437сѓ╗сЃЃсЃѕ№╝ѕУЃйтіЏ№╝Ѕ
-1,	//438сѓ╗сЃЃсЃѕ№╝ѕУЃйтіЏ№╝Ѕ
-1,	//439сѓ╗сЃЃсЃѕ№╝ѕУЃйтіЏ№╝Ѕ
-1,	//440сѓ╗сЃЃсЃѕ№╝ѕУЃйтіЏ№╝Ѕ
-1,	//441сѓ╗сЃЃсЃѕ№╝ѕУЃйтіЏ№╝Ѕ
-1,	//442сѓ╗сЃЃсЃѕ№╝ѕУЃйтіЏ№╝Ѕ
-1,	//443сѓ╗сЃЃсЃѕ№╝ѕУЃйтіЏ№╝Ѕ
-1,	//444сѓ╗сЃЃсЃѕ№╝ѕУЃйтіЏ№╝Ѕ
-1,	//445сѓ╗сЃЃсЃѕ№╝ѕУЃйтіЏ№╝Ѕ
-1,	//446сѓ╗сЃЃсЃѕ№╝ѕУЃйтіЏ№╝Ѕ
-1,	//447сѓ╗сЃЃсЃѕ№╝ѕУЃйтіЏ№╝Ѕ
-1,	//448сѓ╗сЃЃсЃѕ№╝ѕУЃйтіЏ№╝Ѕ
-1,	//449сѓ╗сЃЃсЃѕ№╝ѕУЃйтіЏ№╝Ѕ
-1,	//450сѓ╗сЃЃсЃѕ№╝ѕУЃйтіЏ№╝Ѕ
-1,	//451сѓ╗сЃЃсЃѕ№╝ѕУЃйтіЏ№╝Ѕ
-1,	//452сѓ╗сЃЃсЃѕ№╝ѕУЃйтіЏ№╝Ѕ
-1,	//453сѓ╗сЃЃсЃѕ№╝ѕУЃйтіЏ№╝Ѕ
-1,	//454сѓ╗сЃЃсЃѕ№╝ѕУЃйтіЏ№╝Ѕ
-1,	//455сѓ╗сЃЃсЃѕ№╝ѕУЃйтіЏ№╝Ѕ
-1,	//456сѓ╗сЃЃсЃѕ№╝ѕУЃйтіЏ№╝Ѕ
-1,	//457сѓ╗сЃЃсЃѕ№╝ѕУЃйтіЏ№╝Ѕ
-1,	//458сѓ╗сЃЃсЃѕ№╝ѕУЃйтіЏ№╝Ѕ
-1,	//459сѓ╗сЃЃсЃѕ№╝ѕУЃйтіЏ№╝Ѕ
-1,	//460сѓ╗сЃЃсЃѕ№╝ѕУЃйтіЏ№╝Ѕ
-1,	//461сѓ╗сЃЃсЃѕ№╝ѕУЃйтіЏ№╝Ѕ
-1,	//462сѓ╗сЃЃсЃѕ№╝ѕУЃйтіЏ№╝Ѕ
-1,	//463сѓ╗сЃЃсЃѕ№╝ѕУЃйтіЏ№╝Ѕ
-1,	//464сѓ╗сЃЃсЃѕ№╝ѕУЃйтіЏ№╝Ѕ
-1,	//465сѓ╗сЃЃсЃѕ№╝ѕУЃйтіЏ№╝Ѕ
-1,	//466сѓ╗сЃЃсЃѕ№╝ѕУЃйтіЏ№╝Ѕ
-1,	//467сѓ╗сЃЃсЃѕ№╝ѕУЃйтіЏ№╝Ѕ
-1,	//468сѓ╗сЃЃсЃѕ№╝ѕУЃйтіЏ№╝Ѕ
-1,	//469сѓ╗сЃЃсЃѕ№╝ѕУЃйтіЏ№╝Ѕ
-1,	//470сѓ╗сЃЃсЃѕ№╝ѕУЃйтіЏ№╝Ѕ
-1,	//471сѓ╗сЃЃсЃѕ№╝ѕУЃйтіЏ№╝Ѕ
-1,	//472сѓ╗сЃЃсЃѕ№╝ѕУЃйтіЏ№╝Ѕ
-1,	//473сѓ╗сЃЃсЃѕ№╝ѕУЃйтіЏ№╝Ѕ
-1,	//474сѓ╗сЃЃсЃѕ№╝ѕУЃйтіЏ№╝Ѕ
-1,	//475сѓ╗сЃЃсЃѕ№╝ѕУЃйтіЏ№╝Ѕ
-1,	//476сѓ╗сЃЃсЃѕ№╝ѕУЃйтіЏ№╝Ѕ
-1,	//477сѓ╗сЃЃсЃѕ№╝ѕУЃйтіЏ№╝Ѕ
-1,	//478сѓ╗сЃЃсЃѕ№╝ѕУЃйтіЏ№╝Ѕ
-1,	//479сѓ╗сЃЃсЃѕ№╝ѕУЃйтіЏ№╝Ѕ
-1,	//480сѓ╗сЃЃсЃѕ№╝ѕУЃйтіЏ№╝Ѕ
-1,	//481сѓ╗сЃЃсЃѕ№╝ѕУЃйтіЏ№╝Ѕ
-1,	//482сѓ╗сЃЃсЃѕ№╝ѕУЃйтіЏ№╝Ѕ
-1,	//483сѓ╗сЃЃсЃѕ№╝ѕУЃйтіЏ№╝Ѕ
-1,	//484сѓ╗сЃЃсЃѕ№╝ѕУЃйтіЏ№╝Ѕ
-1,	//485сѓ╗сЃЃсЃѕ№╝ѕУЃйтіЏ№╝Ѕ
-1,	//486сѓ╗сЃЃсЃѕ№╝ѕУЃйтіЏ№╝Ѕ
-1,	//487сѓ╗сЃЃсЃѕ№╝ѕУЃйтіЏ№╝Ѕ
-1,	//488сѓ╗сЃЃсЃѕ№╝ѕУЃйтіЏ№╝Ѕ
-1,	//489сѓ╗сЃЃсЃѕ№╝ѕУЃйтіЏ№╝Ѕ
-1,	//490сѓ╗сЃЃсЃѕ№╝ѕУЃйтіЏ№╝Ѕ
-1,	//491сѓ╗сЃЃсЃѕ№╝ѕУЃйтіЏ№╝Ѕ
-1,	//492сѓ╗сЃЃсЃѕ№╝ѕУЃйтіЏ№╝Ѕ
-1,	//493сѓ╗сЃЃсЃѕ№╝ѕУЃйтіЏ№╝Ѕ
-1,	//494сѓ╗сЃЃсЃѕ№╝ѕУЃйтіЏ№╝Ѕ
-1,	//495сѓ╗сЃЃсЃѕ№╝ѕУЃйтіЏ№╝Ѕ
-1,	//496сѓ╗сЃЃсЃѕ№╝ѕУЃйтіЏ№╝Ѕ
-1,	//497сѓ╗сЃЃсЃѕ№╝ѕУЃйтіЏ№╝Ѕ
-1,	//498сѓ╗сЃЃсЃѕ№╝ѕУЃйтіЏ№╝Ѕ
-1,	//499сѓ╗сЃЃсЃѕ№╝ѕУЃйтіЏ№╝Ѕ
-1,	//500сѓ╗сЃЃсЃѕ№╝ѕУЃйтіЏ№╝Ѕ
-1,	//501сѓ╗сЃЃсЃѕ№╝ѕУЃйтіЏ№╝Ѕ
-1,	//502сѓ╗сЃЃсЃѕ№╝ѕУЃйтіЏ№╝Ѕ
-1,	//503сѓ╗сЃЃсЃѕ№╝ѕУЃйтіЏ№╝Ѕ
-1,	//504сѓ╗сЃЃсЃѕ№╝ѕУЃйтіЏ№╝Ѕ
-1,	//505сѓ╗сЃЃсЃѕ№╝ѕУЃйтіЏ№╝Ѕ
-1,	//506сѓ╗сЃЃсЃѕ№╝ѕУЃйтіЏ№╝Ѕ
-1,	//507сѓ╗сЃЃсЃѕ№╝ѕУЃйтіЏ№╝Ѕ
-1,	//508сѓ╗сЃЃсЃѕ№╝ѕУЃйтіЏ№╝Ѕ
-1,	//509сѓ╗сЃЃсЃѕ№╝ѕУЃйтіЏ№╝Ѕ
-1,	//510сѓ╗сЃЃсЃѕ№╝ѕУЃйтіЏ№╝Ѕ
-1,	//511сѓ╗сЃЃсЃѕ№╝ѕУЃйтіЏ№╝Ѕ
-1,	//512сѓ╗сЃЃсЃѕ№╝ѕУЃйтіЏ№╝Ѕ
-1,	//513сѓ╗сЃЃсЃѕ№╝ѕУЃйтіЏ№╝Ѕ
-1,	//514сѓ╗сЃЃсЃѕ№╝ѕУЃйтіЏ№╝Ѕ
-1,	//515сѓ╗сЃЃсЃѕ№╝ѕУЃйтіЏ№╝Ѕ
-1,	//516сѓ╗сЃЃсЃѕ№╝ѕУЃйтіЏ№╝Ѕ
-1,	//517сѓ╗сЃЃсЃѕ№╝ѕУЃйтіЏ№╝Ѕ
-1,	//518сѓ╗сЃЃсЃѕ№╝ѕУЃйтіЏ№╝Ѕ
-1,	//519сѓ╗сЃЃсЃѕ№╝ѕУЃйтіЏ№╝Ѕ
-1,	//520сѓ╗сЃЃсЃѕ№╝ѕУЃйтіЏ№╝Ѕ
-1,	//521сѓ╗сЃЃсЃѕ№╝ѕУЃйтіЏ№╝Ѕ
-1,	//522сѓ╗сЃЃсЃѕ№╝ѕУЃйтіЏ№╝Ѕ
-1,	//523сѓ╗сЃЃсЃѕ№╝ѕУЃйтіЏ№╝Ѕ
-1,	//524сѓ╗сЃЃсЃѕ№╝ѕУЃйтіЏ№╝Ѕ
-1,	//525сѓ╗сЃЃсЃѕ№╝ѕУЃйтіЏ№╝Ѕ
-1,	//526сѓ╗сЃЃсЃѕ№╝ѕУЃйтіЏ№╝Ѕ
-1,	//527сѓ╗сЃЃсЃѕ№╝ѕУЃйтіЏ№╝Ѕ
-1,	//528сѓ╗сЃЃсЃѕ№╝ѕУЃйтіЏ№╝Ѕ
-1,	//529сѓ╗сЃЃсЃѕ№╝ѕУЃйтіЏ№╝Ѕ
-1,	//530сѓ╗сЃЃсЃѕ№╝ѕУЃйтіЏ№╝Ѕ
-1,	//531сѓ╗сЃЃсЃѕ№╝ѕУЃйтіЏ№╝Ѕ
-1,	//532сѓ╗сЃЃсЃѕ№╝ѕУЃйтіЏ№╝Ѕ
-1,	//533сѓ╗сЃЃсЃѕ№╝ѕУЃйтіЏ№╝Ѕ
-1,	//534сѓ╗сЃЃсЃѕ№╝ѕУЃйтіЏ№╝Ѕ
-1,	//535сѓ╗сЃЃсЃѕ№╝ѕУЃйтіЏ№╝Ѕ
-1,	//536сѓ╗сЃЃсЃѕ№╝ѕУЃйтіЏ№╝Ѕ
-1,	//537сѓ╗сЃЃсЃѕ№╝ѕУЃйтіЏ№╝Ѕ
-1,	//538сѓ╗сЃЃсЃѕ№╝ѕУЃйтіЏ№╝Ѕ
-1,	//539сѓ╗сЃЃсЃѕ№╝ѕУЃйтіЏ№╝Ѕ
-1,	//540сѓ╗сЃЃсЃѕ№╝ѕУЃйтіЏ№╝Ѕ
-1,	//541сѓ╗сЃЃсЃѕ№╝ѕУЃйтіЏ№╝Ѕ
-1,	//542сѓ╗сЃЃсЃѕ№╝ѕУЃйтіЏ№╝Ѕ
-1,	//543сѓ╗сЃЃсЃѕ№╝ѕУЃйтіЏ№╝Ѕ
-1,	//544сѓ╗сЃЃсЃѕ№╝ѕУЃйтіЏ№╝Ѕ
-1,	//545сѓ╗сЃЃсЃѕ№╝ѕУЃйтіЏ№╝Ѕ
-1,	//546сѓ╗сЃЃсЃѕ№╝ѕУЃйтіЏ№╝Ѕ
-1,	//547сѓ╗сЃЃсЃѕ№╝ѕУЃйтіЏ№╝Ѕ
-1,	//548сѓ╗сЃЃсЃѕ№╝ѕУЃйтіЏ№╝Ѕ
-1,	//549сѓ╗сЃЃсЃѕ№╝ѕУЃйтіЏ№╝Ѕ
-1,	//550сѓ╗сЃЃсЃѕ№╝ѕУЃйтіЏ№╝Ѕ
-1,	//551сѓ╗сЃЃсЃѕ№╝ѕУЃйтіЏ№╝Ѕ
-1,	//552сѓ╗сЃЃсЃѕ№╝ѕУЃйтіЏ№╝Ѕ
-1,	//553сѓ╗сЃЃсЃѕ№╝ѕУЃйтіЏ№╝Ѕ
-1,	//554сѓ╗сЃЃсЃѕ№╝ѕУЃйтіЏ№╝Ѕ
-1,	//555сѓ╗сЃЃсЃѕ№╝ѕУЃйтіЏ№╝Ѕ
-1,	//556сѓ╗сЃЃсЃѕ№╝ѕУЃйтіЏ№╝Ѕ
-1,	//557сѓ╗сЃЃсЃѕ№╝ѕУЃйтіЏ№╝Ѕ
-1,	//558сѓ╗сЃЃсЃѕ№╝ѕУЃйтіЏ№╝Ѕ
-1,	//559сѓ╗сЃЃсЃѕ№╝ѕУЃйтіЏ№╝Ѕ
-1,	//560сѓ╗сЃЃсЃѕ№╝ѕУЃйтіЏ№╝Ѕ
-1,	//561сѓ╗сЃЃсЃѕ№╝ѕУЃйтіЏ№╝Ѕ
-1,	//562сѓ╗сЃЃсЃѕ№╝ѕУЃйтіЏ№╝Ѕ
-1,	//563сѓ╗сЃЃсЃѕ№╝ѕУЃйтіЏ№╝Ѕ
-1,	//564сѓ╗сЃЃсЃѕ№╝ѕУЃйтіЏ№╝Ѕ
-1,	//565сѓ╗сЃЃсЃѕ№╝ѕУЃйтіЏ№╝Ѕ
-1,	//566сѓ╗сЃЃсЃѕ№╝ѕУЃйтіЏ№╝Ѕ
-1,	//567сѓ╗сЃЃсЃѕ№╝ѕУЃйтіЏ№╝Ѕ
-1,	//568сѓ╗сЃЃсЃѕ№╝ѕУЃйтіЏ№╝Ѕ
-1,	//569сѓ╗сЃЃсЃѕ№╝ѕУЃйтіЏ№╝Ѕ
-1,	//570сѓ╗сЃЃсЃѕ№╝ѕУЃйтіЏ№╝Ѕ
-1,	//571сѓ╗сЃЃсЃѕ№╝ѕУЃйтіЏ№╝Ѕ
-1,	//572сѓ╗сЃЃсЃѕ№╝ѕУЃйтіЏ№╝Ѕ
-1,	//573сѓ╗сЃЃсЃѕ№╝ѕУЃйтіЏ№╝Ѕ
-1,	//574сѓ╗сЃЃсЃѕ№╝ѕУЃйтіЏ№╝Ѕ
-1,	//575сѓ╗сЃЃсЃѕ№╝ѕУЃйтіЏ№╝Ѕ
-1,	//576сѓ╗сЃЃсЃѕ№╝ѕУЃйтіЏ№╝Ѕ
-1,	//577сѓ╗сЃЃсЃѕ№╝ѕУЃйтіЏ№╝Ѕ
-1,	//578сѓ╗сЃЃсЃѕ№╝ѕУЃйтіЏ№╝Ѕ
-1,	//579сѓ╗сЃЃсЃѕ№╝ѕУЃйтіЏ№╝Ѕ
-1,	//580сѓ╗сЃЃсЃѕ№╝ѕУЃйтіЏ№╝Ѕ
-1,	//581сѓ╗сЃЃсЃѕ№╝ѕУЃйтіЏ№╝Ѕ
-1,	//582сѓ╗сЃЃсЃѕ№╝ѕУЃйтіЏ№╝Ѕ
-1,	//583сѓ╗сЃЃсЃѕ№╝ѕУЃйтіЏ№╝Ѕ
-1,	//584сѓ╗сЃЃсЃѕ№╝ѕУЃйтіЏ№╝Ѕ
-1,	//585сѓ╗сЃЃсЃѕ№╝ѕУЃйтіЏ№╝Ѕ
-1,	//586сѓ╗сЃЃсЃѕ№╝ѕУЃйтіЏ№╝Ѕ
-1,	//587сѓ╗сЃЃсЃѕ№╝ѕУЃйтіЏ№╝Ѕ
-1,	//588сѓ╗сЃЃсЃѕ№╝ѕУЃйтіЏ№╝Ѕ
-1,	//589сѓ╗сЃЃсЃѕ№╝ѕУЃйтіЏ№╝Ѕ
-1,	//590сѓ╗сЃЃсЃѕ№╝ѕУЃйтіЏ№╝Ѕ
-1,	//591сѓ╗сЃЃсЃѕ№╝ѕУЃйтіЏ№╝Ѕ
-1,	//592сѓ╗сЃЃсЃѕ№╝ѕУЃйтіЏ№╝Ѕ
-1,	//593сѓ╗сЃЃсЃѕ№╝ѕУЃйтіЏ№╝Ѕ
-1,	//594сѓ╗сЃЃсЃѕ№╝ѕУЃйтіЏ№╝Ѕ
-1,	//595сѓ╗сЃЃсЃѕ№╝ѕУЃйтіЏ№╝Ѕ
-1,	//596сѓ╗сЃЃсЃѕ№╝ѕУЃйтіЏ№╝Ѕ
-1,	//597сѓ╗сЃЃсЃѕ№╝ѕУЃйтіЏ№╝Ѕ
-1,	//598сѓ╗сЃЃсЃѕ№╝ѕУЃйтіЏ№╝Ѕ
-1,	//599сѓ╗сЃЃсЃѕ№╝ѕУЃйтіЏ№╝Ѕ
-1,	//600сѓ╗сЃЃсЃѕ№╝ѕУЃйтіЏ№╝Ѕ
-1,	//601сѓ╗сЃЃсЃѕ№╝ѕУЃйтіЏ№╝Ѕ
-1,	//602сѓ╗сЃЃсЃѕ№╝ѕУЃйтіЏ№╝Ѕ
-1,	//603сѓ╗сЃЃсЃѕ№╝ѕУЃйтіЏ№╝Ѕ
-1,	//604сѓ╗сЃЃсЃѕ№╝ѕУЃйтіЏ№╝Ѕ
-1,	//605сѓ╗сЃЃсЃѕ№╝ѕУЃйтіЏ№╝Ѕ
-1,	//606сѓ╗сЃЃсЃѕ№╝ѕУЃйтіЏ№╝Ѕ
-1,	//607сѓ╗сЃЃсЃѕ№╝ѕУЃйтіЏ№╝Ѕ
-1,	//608сѓ╗сЃЃсЃѕ№╝ѕУЃйтіЏ№╝Ѕ
-1,	//609сѓ╗сЃЃсЃѕ№╝ѕУЃйтіЏ№╝Ѕ
-1,	//610сѓ╗сЃЃсЃѕ№╝ѕУЃйтіЏ№╝Ѕ
-1,	//611сѓ╗сЃЃсЃѕ№╝ѕУЃйтіЏ№╝Ѕ
-1,	//612сѓ╗сЃЃсЃѕ№╝ѕУЃйтіЏ№╝Ѕ
-1,	//613сѓ╗сЃЃсЃѕ№╝ѕУЃйтіЏ№╝Ѕ
-1,	//614сѓ╗сЃЃсЃѕ№╝ѕУЃйтіЏ№╝Ѕ
-1,	//615сѓ╗сЃЃсЃѕ№╝ѕУЃйтіЏ№╝Ѕ
-1,	//616сѓ╗сЃЃсЃѕ№╝ѕУЃйтіЏ№╝Ѕ
-1,	//617сѓ╗сЃЃсЃѕ№╝ѕУЃйтіЏ№╝Ѕ
-1,	//618сѓ╗сЃЃсЃѕ№╝ѕУЃйтіЏ№╝Ѕ
-1,	//619сѓ╗сЃЃсЃѕ№╝ѕУЃйтіЏ№╝Ѕ
-1,	//620сѓ╗сЃЃсЃѕ№╝ѕУЃйтіЏ№╝Ѕ
-1,	//621сѓ╗сЃЃсЃѕ№╝ѕУЃйтіЏ№╝Ѕ
-1,	//622сѓ╗сЃЃсЃѕ№╝ѕУЃйтіЏ№╝Ѕ
-1,	//623сѓ╗сЃЃсЃѕ№╝ѕУЃйтіЏ№╝Ѕ
-1,	//624сѓ╗сЃЃсЃѕ№╝ѕУЃйтіЏ№╝Ѕ
-1,	//625сѓ╗сЃЃсЃѕ№╝ѕУЃйтіЏ№╝Ѕ
-1,	//626сѓ╗сЃЃсЃѕ№╝ѕУЃйтіЏ№╝Ѕ
-1,	//627сѓ╗сЃЃсЃѕ№╝ѕУЃйтіЏ№╝Ѕ
-1,	//628сѓ╗сЃЃсЃѕ№╝ѕУЃйтіЏ№╝Ѕ
-1,	//629сѓ╗сЃЃсЃѕ№╝ѕУЃйтіЏ№╝Ѕ
-1,	//630сѓ╗сЃЃсЃѕ№╝ѕУЃйтіЏ№╝Ѕ
-1,	//631сѓ╗сЃЃсЃѕ№╝ѕУЃйтіЏ№╝Ѕ
-1,	//632сѓ╗сЃЃсЃѕ№╝ѕУЃйтіЏ№╝Ѕ
-1,	//633сѓ╗сЃЃсЃѕ№╝ѕУЃйтіЏ№╝Ѕ
-1,	//634сѓ╗сЃЃсЃѕ№╝ѕУЃйтіЏ№╝Ѕ
-1,	//635сѓ╗сЃЃсЃѕ№╝ѕУЃйтіЏ№╝Ѕ
-1,	//636сѓ╗сЃЃсЃѕ№╝ѕУЃйтіЏ№╝Ѕ
-1,	//637сѓ╗сЃЃсЃѕ№╝ѕУЃйтіЏ№╝Ѕ
-1,	//638сѓ╗сЃЃсЃѕ№╝ѕУЃйтіЏ№╝Ѕ
-1,	//639сѓ╗сЃЃсЃѕ№╝ѕУЃйтіЏ№╝Ѕ
-1,	//640сѓ╗сЃЃсЃѕ№╝ѕУЃйтіЏ№╝Ѕ
-1,	//641сѓ╗сЃЃсЃѕ№╝ѕУЃйтіЏ№╝Ѕ
-1,	//642сѓ╗сЃЃсЃѕ№╝ѕУЃйтіЏ№╝Ѕ
-1,	//643сѓ╗сЃЃсЃѕ№╝ѕУЃйтіЏ№╝Ѕ
-1,	//644сѓ╗сЃЃсЃѕ№╝ѕУЃйтіЏ№╝Ѕ
-1,	//645сѓ╗сЃЃсЃѕ№╝ѕУЃйтіЏ№╝Ѕ
-1,	//646сѓ╗сЃЃсЃѕ№╝ѕУЃйтіЏ№╝Ѕ
-1,	//647сѓ╗сЃЃсЃѕ№╝ѕУЃйтіЏ№╝Ѕ
-1,	//648сѓ╗сЃЃсЃѕ№╝ѕУЃйтіЏ№╝Ѕ
-1,	//649сѓ╗сЃЃсЃѕ№╝ѕУЃйтіЏ№╝Ѕ
-1,	//650сѓ╗сЃЃсЃѕ№╝ѕУЃйтіЏ№╝Ѕ
-1,	//651сѓ╗сЃЃсЃѕ№╝ѕУЃйтіЏ№╝Ѕ
-1,	//652сѓ╗сЃЃсЃѕ№╝ѕУЃйтіЏ№╝Ѕ
-1,	//653сѓ╗сЃЃсЃѕ№╝ѕУЃйтіЏ№╝Ѕ
-1,	//654сѓ╗сЃЃсЃѕ№╝ѕУЃйтіЏ№╝Ѕ
-1,	//655сѓ╗сЃЃсЃѕ№╝ѕУЃйтіЏ№╝Ѕ
-1,	//656сѓ╗сЃЃсЃѕ№╝ѕУЃйтіЏ№╝Ѕ
-1,	//657сѓ╗сЃЃсЃѕ№╝ѕУЃйтіЏ№╝Ѕ
-1,	//658сѓ╗сЃЃсЃѕ№╝ѕУЃйтіЏ№╝Ѕ
-1,	//659сѓ╗сЃЃсЃѕ№╝ѕУЃйтіЏ№╝Ѕ
-1,	//660сѓ╗сЃЃсЃѕ№╝ѕУЃйтіЏ№╝Ѕ
-1,	//661сѓ╗сЃЃсЃѕ№╝ѕУЃйтіЏ№╝Ѕ
-1,	//662сѓ╗сЃЃсЃѕ№╝ѕУЃйтіЏ№╝Ѕ
-1,	//663сѓ╗сЃЃсЃѕ№╝ѕУЃйтіЏ№╝Ѕ
-1,	//664сѓ╗сЃЃсЃѕ№╝ѕУЃйтіЏ№╝Ѕ
-1,	//665сѓ╗сЃЃсЃѕ№╝ѕУЃйтіЏ№╝Ѕ
-1,	//666сѓ╗сЃЃсЃѕ№╝ѕУЃйтіЏ№╝Ѕ
-1,	//667сѓ╗сЃЃсЃѕ№╝ѕУЃйтіЏ№╝Ѕ
-1,	//668сѓ╗сЃЃсЃѕ№╝ѕУЃйтіЏ№╝Ѕ
-1,	//669сѓ╗сЃЃсЃѕ№╝ѕУЃйтіЏ№╝Ѕ
-1,	//670сѓ╗сЃЃсЃѕ№╝ѕУЃйтіЏ№╝Ѕ
-1,	//671сѓ╗сЃЃсЃѕ№╝ѕУЃйтіЏ№╝Ѕ
-1,	//672сѓ╗сЃЃсЃѕ№╝ѕУЃйтіЏ№╝Ѕ
-1,	//673сѓ╗сЃЃсЃѕ№╝ѕУЃйтіЏ№╝Ѕ
-1,	//674сѓ╗сЃЃсЃѕ№╝ѕУЃйтіЏ№╝Ѕ
-1,	//675сѓ╗сЃЃсЃѕ№╝ѕУЃйтіЏ№╝Ѕ
-1,	//676сѓ╗сЃЃсЃѕ№╝ѕУЃйтіЏ№╝Ѕ
-1,	//677сѓ╗сЃЃсЃѕ№╝ѕУЃйтіЏ№╝Ѕ
-1,	//678сѓ╗сЃЃсЃѕ№╝ѕУЃйтіЏ№╝Ѕ
-1,	//679сѓ╗сЃЃсЃѕ№╝ѕУЃйтіЏ№╝Ѕ
-1,	//680сѓ╗сЃЃсЃѕ№╝ѕУЃйтіЏ№╝Ѕ
-1,	//681сѓ╗сЃЃсЃѕ№╝ѕУЃйтіЏ№╝Ѕ
-1,	//682сѓ╗сЃЃсЃѕ№╝ѕУЃйтіЏ№╝Ѕ
-1,	//683сѓ╗сЃЃсЃѕ№╝ѕУЃйтіЏ№╝Ѕ
-1,	//684сѓ╗сЃЃсЃѕ№╝ѕУЃйтіЏ№╝Ѕ
-1,	//685сѓ╗сЃЃсЃѕ№╝ѕУЃйтіЏ№╝Ѕ
-1,	//686сѓ╗сЃЃсЃѕ№╝ѕУЃйтіЏ№╝Ѕ
-1,	//687сѓ╗сЃЃсЃѕ№╝ѕУЃйтіЏ№╝Ѕ
-1,	//688сѓ╗сЃЃсЃѕ№╝ѕУЃйтіЏ№╝Ѕ
-1,	//689сѓ╗сЃЃсЃѕ№╝ѕУЃйтіЏ№╝Ѕ
-1,	//690сѓ╗сЃЃсЃѕ№╝ѕУЃйтіЏ№╝Ѕ
-1,	//691сѓ╗сЃЃсЃѕ№╝ѕУЃйтіЏ№╝Ѕ
-1,	//692сѓ╗сЃЃсЃѕ№╝ѕУЃйтіЏ№╝Ѕ
-1,	//693сѓ╗сЃЃсЃѕ№╝ѕУЃйтіЏ№╝Ѕ
-1,	//694сѓ╗сЃЃсЃѕ№╝ѕУЃйтіЏ№╝Ѕ
-1,	//695сѓ╗сЃЃсЃѕ№╝ѕУЃйтіЏ№╝Ѕ
-1,	//696сѓ╗сЃЃсЃѕ№╝ѕУЃйтіЏ№╝Ѕ
-1,	//697сѓ╗сЃЃсЃѕ№╝ѕУЃйтіЏ№╝Ѕ
-1,	//698сѓ╗сЃЃсЃѕ№╝ѕУЃйтіЏ№╝Ѕ
-1,	//699сѓ╗сЃЃсЃѕ№╝ѕУЃйтіЏ№╝Ѕ
-1,	//700сѓ╗сЃЃсЃѕ№╝ѕУЃйтіЏ№╝Ѕ
-1,	//701сѓ╗сЃЃсЃѕ№╝ѕУЃйтіЏ№╝Ѕ
-1,	//702сѓ╗сЃЃсЃѕ№╝ѕУЃйтіЏ№╝Ѕ
-1,	//703сѓ╗сЃЃсЃѕ№╝ѕУЃйтіЏ№╝Ѕ
-1,	//704сѓ╗сЃЃсЃѕ№╝ѕУЃйтіЏ№╝Ѕ
-1,	//705сѓ╗сЃЃсЃѕ№╝ѕУЃйтіЏ№╝Ѕ
-1,	//706сѓ╗сЃЃсЃѕ№╝ѕУЃйтіЏ№╝Ѕ
-1,	//707сѓ╗сЃЃсЃѕ№╝ѕУЃйтіЏ№╝Ѕ
-1,	//708сѓ╗сЃЃсЃѕ№╝ѕУЃйтіЏ№╝Ѕ
-1,	//709сѓ╗сЃЃсЃѕ№╝ѕУЃйтіЏ№╝Ѕ
-1,	//710сѓ╗сЃЃсЃѕ№╝ѕУЃйтіЏ№╝Ѕ
-1,	//711сѓ╗сЃЃсЃѕ№╝ѕУЃйтіЏ№╝Ѕ
-1,	//712сѓ╗сЃЃсЃѕ№╝ѕУЃйтіЏ№╝Ѕ
-1,	//713сѓ╗сЃЃсЃѕ№╝ѕУЃйтіЏ№╝Ѕ
-1,	//714сѓ╗сЃЃсЃѕ№╝ѕУЃйтіЏ№╝Ѕ
-1,	//715сѓ╗сЃЃсЃѕ№╝ѕУЃйтіЏ№╝Ѕ
-1,	//716сѓ╗сЃЃсЃѕ№╝ѕУЃйтіЏ№╝Ѕ
-1,	//717сѓ╗сЃЃсЃѕ№╝ѕУЃйтіЏ№╝Ѕ
-1,	//718сѓ╗сЃЃсЃѕ№╝ѕУЃйтіЏ№╝Ѕ
-1,	//719сѓ╗сЃЃсЃѕ№╝ѕУЃйтіЏ№╝Ѕ
-1,	//720сѓ╗сЃЃсЃѕ№╝ѕУЃйтіЏ№╝Ѕ
-1,	//721сѓ╗сЃЃсЃѕ№╝ѕУЃйтіЏ№╝Ѕ
-1,	//722сѓ╗сЃЃсЃѕ№╝ѕУЃйтіЏ№╝Ѕ
-1,	//723сѓ╗сЃЃсЃѕ№╝ѕУЃйтіЏ№╝Ѕ
-1,	//724сѓ╗сЃЃсЃѕ№╝ѕУЃйтіЏ№╝Ѕ
-1,	//725сѓ╗сЃЃсЃѕ№╝ѕУЃйтіЏ№╝Ѕ
-1,	//726сѓ╗сЃЃсЃѕ№╝ѕУЃйтіЏ№╝Ѕ
-1,	//727сѓ╗сЃЃсЃѕ№╝ѕУЃйтіЏ№╝Ѕ
-1,	//728сѓ╗сЃЃсЃѕ№╝ѕУЃйтіЏ№╝Ѕ
-1,	//729сѓ╗сЃЃсЃѕ№╝ѕУЃйтіЏ№╝Ѕ
-1,	//730сѓ╗сЃЃсЃѕ№╝ѕУЃйтіЏ№╝Ѕ
-1,	//731сѓ╗сЃЃсЃѕ№╝ѕУЃйтіЏ№╝Ѕ
-1,	//732сѓ╗сЃЃсЃѕ№╝ѕУЃйтіЏ№╝Ѕ
-1,	//733сѓ╗сЃЃсЃѕ№╝ѕУЃйтіЏ№╝Ѕ
-1,	//734сѓ╗сЃЃсЃѕ№╝ѕУЃйтіЏ№╝Ѕ
-1,	//735сѓ╗сЃЃсЃѕ№╝ѕУЃйтіЏ№╝Ѕ
-1,	//736сѓ╗сЃЃсЃѕ№╝ѕУЃйтіЏ№╝Ѕ
-1,	//737сѓ╗сЃЃсЃѕ№╝ѕУЃйтіЏ№╝Ѕ
-1,	//738сѓ╗сЃЃсЃѕ№╝ѕУЃйтіЏ№╝Ѕ
-1,	//739сѓ╗сЃЃсЃѕ№╝ѕУЃйтіЏ№╝Ѕ
-1,	//740сѓ╗сЃЃсЃѕ№╝ѕУЃйтіЏ№╝Ѕ
-1,	//741сѓ╗сЃЃсЃѕ№╝ѕУЃйтіЏ№╝Ѕ
-1,	//742сѓ╗сЃЃсЃѕ№╝ѕУЃйтіЏ№╝Ѕ
-1,	//743сѓ╗сЃЃсЃѕ№╝ѕУЃйтіЏ№╝Ѕ
-1,	//744сѓ╗сЃЃсЃѕ№╝ѕУЃйтіЏ№╝Ѕ
-1,	//745сѓ╗сЃЃсЃѕ№╝ѕУЃйтіЏ№╝Ѕ
-1,	//746сѓ╗сЃЃсЃѕ№╝ѕУЃйтіЏ№╝Ѕ
-1,	//747сѓ╗сЃЃсЃѕ№╝ѕУЃйтіЏ№╝Ѕ
-1,	//748сѓ╗сЃЃсЃѕ№╝ѕУЃйтіЏ№╝Ѕ
-1,	//749сѓ╗сЃЃсЃѕ№╝ѕУЃйтіЏ№╝Ѕ
-1,	//750сѓ╗сЃЃсЃѕ№╝ѕУЃйтіЏ№╝Ѕ
-1,	//751сѓ╗сЃЃсЃѕ№╝ѕУЃйтіЏ№╝Ѕ
-1,	//752сѓ╗сЃЃсЃѕ№╝ѕУЃйтіЏ№╝Ѕ
-1,	//753сѓ╗сЃЃсЃѕ№╝ѕУЃйтіЏ№╝Ѕ
-1,	//754сѓ╗сЃЃсЃѕ№╝ѕУЃйтіЏ№╝Ѕ
-1,	//755сѓ╗сЃЃсЃѕ№╝ѕУЃйтіЏ№╝Ѕ
-1,	//756сѓ╗сЃЃсЃѕ№╝ѕУЃйтіЏ№╝Ѕ
-1,	//757сѓ╗сЃЃсЃѕ№╝ѕУЃйтіЏ№╝Ѕ
-1,	//758сѓ╗сЃЃсЃѕ№╝ѕУЃйтіЏ№╝Ѕ
-1,	//759сѓ╗сЃЃсЃѕ№╝ѕУЃйтіЏ№╝Ѕ
-1,	//760сѓ╗сЃЃсЃѕ№╝ѕУЃйтіЏ№╝Ѕ
-1,	//761сѓ╗сЃЃсЃѕ№╝ѕУЃйтіЏ№╝Ѕ
-1,	//762сѓ╗сЃЃсЃѕ№╝ѕУЃйтіЏ№╝Ѕ
-1,	//763сѓ╗сЃЃсЃѕ№╝ѕУЃйтіЏ№╝Ѕ
-1,	//764сѓ╗сЃЃсЃѕ№╝ѕУЃйтіЏ№╝Ѕ
-1,	//765сѓ╗сЃЃсЃѕ№╝ѕУЃйтіЏ№╝Ѕ
-1,	//766сѓ╗сЃЃсЃѕ№╝ѕУЃйтіЏ№╝Ѕ
-1,	//767сѓ╗сЃЃсЃѕ№╝ѕУЃйтіЏ№╝Ѕ
-1,	//768сѓ╗сЃЃсЃѕ№╝ѕУЃйтіЏ№╝Ѕ
-1,	//769сѓ╗сЃЃсЃѕ№╝ѕУЃйтіЏ№╝Ѕ
-1,	//770сѓ╗сЃЃсЃѕ№╝ѕУЃйтіЏ№╝Ѕ
-1,	//771сѓ╗сЃЃсЃѕ№╝ѕУЃйтіЏ№╝Ѕ
-1,	//772сѓ╗сЃЃсЃѕ№╝ѕУЃйтіЏ№╝Ѕ
-1,	//773сѓ╗сЃЃсЃѕ№╝ѕУЃйтіЏ№╝Ѕ
-1,	//774сѓ╗сЃЃсЃѕ№╝ѕУЃйтіЏ№╝Ѕ
-1,	//775сѓ╗сЃЃсЃѕ№╝ѕУЃйтіЏ№╝Ѕ
-1,	//776сѓ╗сЃЃсЃѕ№╝ѕУЃйтіЏ№╝Ѕ